# text = One of Sherlock Holmes's defects—if, indeed, one may call it a defect—was that he was exceedingly loath to communicate his full plans to any other person until the instant of their fulfilment.
One	SBJ	def-np.poss	?OLD	
of				
Sherlock				
Holmes	other_3	ne	?OLD	
's				
defects	other_2	def-np.poss	?OLD	
—if				
,				
indeed				
,				
one	SBJ			
may				
call				
it	OBJ	pron.pper	?OLD	
a				
defect	SBJ_2	indef-np.a		
—was				
that				
he	SBJ_3	pron.pper	?OLD	
was				
exceedingly				
loath				
to				
communicate				
his	other_5	pron.ppos	?OLD	
full				
plans	OBJ_4	def-np.poss	?OLD	
to				
any				
other				
person	other_4	indef-np.a		
until				
the				
instant	other_4	def-np.poss	?OLD	
of				
their	other_6	pron.ppos	?OLD	
fulfilment	other_5	def-np.poss	?OLD	
.			

# text = Partly it came no doubt from his own masterful nature, which loved to dominate and surprise those who were around him.
Partly				
it	SBJ	pron.pper	?OLD	
came				
no				
doubt				
from				
his	other_2	pron.ppos	?OLD	
own				
masterful				
nature	other	def-np.poss	?OLD	
,				
which	SBJ_3			
loved				
to				
dominate				
and				
surprise				
those	OBJ_5	pron.pds	?OLD	
who	SBJ_7			
were				
around				
him	other_6	pron.pper	?OLD	
.			

# text = Partly also from his professional caution, which urged him never to take any chances.
Partly				
also				
from				
his	other	pron.ppos	?OLD	
professional				
caution	other	def-np.poss	?OLD	
,				
which	SBJ_2			
urged				
him	OBJ_2	pron.pper	?OLD	
never				
to				
take				
any				
chances	OBJ_3	indef-np.a		
.			

# text = The result, however, was very trying for those who were acting as his agents and assistants.
The				
result	SBJ	def-np.the	?OLD	
,				
however				
,				
was				
very				
trying				
for				
those	other	pron.pds	?OLD	
who	SBJ_3			
were				
acting				
as				
his	other_4	pron.ppos	?OLD	
agents	other_3	def-np.poss	?OLD	
and				
assistants	other_4	indef-np.bare		
.			

# text = I had often suffered under it, but never more so than during that long drive in the darkness.
I	SBJ	pron.pper	?OLD	
had				
often				
suffered				
under				
it	other	pron.pper	?OLD	
,				
but				
never				
more				
so				
than				
during				
that				
long				
drive	other	def-np.dem	?OLD	
in				
the				
darkness	other_2	def-np.the	?OLD	
.			

# text = The great ordeal was in front of us; at last we were about to make our final effort, and yet Holmes had said nothing, and I could only surmise what his course of action would be.
The				
great				
ordeal	SBJ	def-np.the	?OLD	
was				
in				
front	other	def-np.poss	?OLD	
of				
us	other	pron.pper	?OLD	
;				
at				
last				
we	SBJ_2	pron.pper	?OLD	
were				
about				
to				
make				
our	other_3	pron.ppos	?OLD	
final				
effort	OBJ_2	def-np.poss	?OLD	
,				
and				
yet				
Holmes	SBJ_2	indef-np.bare		
had				
said				
nothing	OBJ_2	pron	?OLD	
,				
and				
I	SBJ_4	pron.pper	?OLD	
could				
only				
surmise				
what	OBJ_4	pron.pint		
his	other_7	pron.ppos	?OLD	
course	SBJ_6	def-np.poss	?OLD	
of				
action	other_7	indef-np.bare		
would				
be				
.			

# text = My nerves thrilled with anticipation when at last the cold wind upon our faces and the dark, void spaces on either side of the narrow road told me that we were back upon the moor once again.
My	other_2	pron.ppos	?OLD	
nerves	SBJ	def-np.poss	?OLD	
thrilled				
with				
anticipation	other	indef-np.bare		
when				
at				
last				
the				
cold				
wind	other_2	def-np.the	?OLD	
upon				
our	other_4	pron.ppos	?OLD	
faces	other_3	def-np.poss	?OLD	
and				
the				
dark				
,				
void				
spaces	other_4	def-np.the	?OLD	
on				
either				
side	other_5	indef-np		
of				
the				
narrow				
road	other_6	def-np.the	?OLD	
told				
me	OBJ_2	pron.pper	?OLD	
that				
we	SBJ_3	pron.pper	?OLD	
were				
back				
upon				
the				
moor	other_2	def-np.the	?OLD	
once				
again				
.			

# text = Every stride of the horses and every turn of the wheels was taking us nearer to our supreme adventure.
Every				
stride	other	indef-np		
of				
the				
horses	other	def-np.the	?OLD	
and				
every				
turn	SBJ_2	indef-np		
of				
the				
wheels	other_3	def-np.the	?OLD	
was				
taking				
us	OBJ_2	pron.pper	?OLD	
nearer				
to				
our	other_4	pron.ppos	?OLD	
supreme				
adventure	other_3	def-np.poss	?OLD	
.			

# text = Our conversation was hampered by the presence of the driver of the hired wagonette, so that we were forced to talk of trivial matters when our nerves were tense with emotion and anticipation.
Our	other_2	pron.ppos	?OLD	
conversation	SBJ	def-np.poss	?OLD	
was				
hampered				
by				
the				
presence	other	def-np.the	?OLD	
of				
the				
driver	other_2	def-np.the	?OLD	
of				
the				
hired				
wagonette	other_3	def-np.the	?OLD	
,				
so				
that				
we	SBJ_2	pron.pper	?OLD	
were				
forced				
to				
talk				
of				
trivial				
matters	other_3	indef-np.bare		
when				
our	other_5	pron.ppos	?OLD	
nerves	SBJ_4	def-np.poss	?OLD	
were				
tense				
with				
emotion	other_4	indef-np.bare		
and				
anticipation	other_5	indef-np.bare		
.			

# text = It was a relief to me, after that unnatural restraint, when we at last passed Frankland's house and knew that we were drawing near to the Hall and to the scene of action.
It	SBJ	pron.pper	?OLD	
was				
a				
relief	other	indef-np.a		
to				
me	other	pron.pper	?OLD	
,				
after				
that				
unnatural				
restraint	other	def-np.dem	?OLD	
,				
when				
we	SBJ_2	pron.pper	?OLD	
at				
last				
passed				
Frankland	other_3	ne	?OLD	
's				
house	OBJ_2	def-np.poss	?OLD	
and				
knew				
that				
we	SBJ_4	pron.pper	?OLD	
were				
drawing				
near				
to				
the				
Hall	other_4	ne	?OLD	
and				
to				
the				
scene	other_4	def-np.the	?OLD	
of				
action	other_5	indef-np.bare		
.			

# text = We did not drive up to the door but got down near the gate of the avenue.
We	SBJ	pron.pper	?OLD	
did				
not				
drive				
up				
to				
the				
door	other	def-np.the	?OLD	
but				
got				
down				
near				
the				
gate	other_2	def-np.the	?OLD	
of				
the				
avenue	other_3	def-np.the	?OLD	
.			

# text = The wagonette was paid off and ordered to return to Coombe Tracey forthwith, while we started to walk to Merripit House.
The				
wagonette	SBJ	def-np.the	?OLD	
was				
paid				
off				
and				
ordered				
to				
return				
to				
Coombe	other_3	ne	?OLD	
Tracey				
forthwith				
,				
while				
we	SBJ_2	pron.pper	?OLD	
started				
to				
walk				
to				
Merripit				
House	other_3	ne	?OLD	
.			

--
# text = "Are you armed, Lestrade?"
&quot;				
Are				
you	SBJ	pron.pper	?OLD	
armed				
,				
Lestrade	other	ne	?OLD	
?				
&quot;			

# text = The little detective smiled.
The				
little				
detective	other	def-np.the	?OLD	
smiled				
.			

--
# text = \"As long as I have my trousers I have a hip-pocket, and as long as I have my hip-pocket I have something in it.\"
&quot;				
As				
long				
as				
I	SBJ_2	pron.pper	?OLD	
have				
my	other_3	pron.ppos	?OLD	
trousers	OBJ_2	def-np.poss	?OLD	
I	SBJ_4	pron.pper	?OLD	
have				
a				
hip				
_				
pocket	OBJ_4	indef-np.a		
,				
and				
as				
long				
as				
I	SBJ_7	pron.pper	?OLD	
have				
my	other_9	pron.ppos	?OLD	
hip				
_				
pocket	OBJ_7	indef-np.bare		
I	SBJ_9	pron.pper	?OLD	
have				
something	OBJ_9	pron	?OLD	
in				
it	other_10	pron.pper	?OLD	
.				
&quot;			

--
# text = "Good!
&quot;				
Good				
!			

--
# text = My friend and I are also ready for emergencies."
My	other_2	pron.ppos	?OLD	
friend	SBJ	def-np.poss	?OLD	
and				
I	other_2	pron.pper	?OLD	
are				
also				
ready				
for				
emergencies	other	indef-np.bare		
.				
&quot;			

--
# text = "You're mighty close about this affair, Mr. Holmes.
&quot;				
You	SBJ_2	pron.pper	?OLD	
're				
mighty				
close				
about				
this				
affair	other_2	def-np.dem	?OLD	
,				
Mr.	other	ne	?OLD	
Holmes				
.			

--
# text = What's the game now?"
What	other	pron.pint		
's				
the				
game	SBJ	def-np.the	?OLD	
now				
?				
&quot;			

--
# text = \"A waiting game.\"
&quot;				
A				
waiting				
game	other	indef-np.a		
.				
&quot;			

--
# text = "My word, it does not seem a very cheerful place," said the detective with a shiver, glancing round him at the gloomy slopes of the hill and at the huge lake of fog which lay over the Grimpen Mire.
&quot;				
My	other_3	pron.ppos	?OLD	
word	SBJ_2	def-np.poss	?OLD	
,				
it	SBJ_2	pron.pper	?OLD	
does				
not				
seem				
a				
very				
cheerful				
place	OBJ_2	indef-np.a		
,				
&quot;				
said				
the				
detective	SBJ	def-np.the	?OLD	
with				
a				
shiver	other_2	indef-np.a		
,				
glancing				
round				
him	OBJ_3	pron.pper	?OLD	
at				
the				
gloomy				
slopes	other_3	def-np.poss	?OLD	
of				
the				
hill	other_4	ne	?OLD	
and				
at				
the				
huge				
lake	other_3	def-np.the	?OLD	
of				
fog	other_4	indef-np.bare		
which	SBJ_5			
lay				
over				
the				
Grimpen				
Mire	other_5	ne	?OLD	
.			

--
# text = \"I see the lights of a house ahead of us.\"
&quot;				
I	SBJ	pron.pper	?OLD	
see				
the				
lights	OBJ	def-np.the	?OLD	
of				
a				
house	other_2	def-np.poss	?OLD	
ahead				
of				
us	other_3	pron.pper	?OLD	
.				
&quot;			

--
# text = "That is Merripit House and the end of our journey.
&quot;				
That	SBJ	pron.pds	?OLD	
is				
Merripit				
House	other	ne	?OLD	
and				
the				
end	other	def-np.poss	?OLD	
of				
our	other_3	pron.ppos	?OLD	
journey	other_2	def-np.poss	?OLD	
.			

--
# text = I must request you to walk on tiptoe and not to talk above a whisper.\"
I	SBJ	pron.pper	?OLD	
must				
request				
you	OBJ	pron.pper	?OLD	
to				
walk				
on				
tiptoe	other_2	indef-np.bare		
and				
not				
to				
talk				
above				
a				
whisper	other_4	indef-np.a		
.				
&quot;			

# text = We moved cautiously along the track as if we were bound for the house, but Holmes halted us when we were about two hundred yards from it.
We	SBJ	pron.pper	?OLD	
moved				
cautiously				
along				
the				
track	other	def-np.the	?OLD	
as				
if				
we	SBJ_2	pron.pper	?OLD	
were				
bound				
for				
the				
house	other_2	def-np.the	?OLD	
,				
but				
Holmes	SBJ_2	ne	?OLD	
halted				
us	OBJ_2	pron.pper	?OLD	
when				
we	SBJ_3	pron.pper	?OLD	
were				
about				
two				
hundred				
yards	other_2	indef-np.quant		
from				
it	other_3	pron.pper	?OLD	
.			

--
# text = \"This will do,\" said he.
&quot;				
This	SBJ_2	pron.pds	?OLD	
will				
do				
,				
&quot;				
said				
he	SBJ	pron.pper	?OLD	
.			

--
# text = \"These rocks upon the right make an admirable screen.\"
&quot;				
These				
rocks	SBJ	def-np.dem	?OLD	
upon				
the				
right	other_2	def-np.the	?OLD	
make				
an				
admirable				
screen	OBJ	indef-np.a		
.				
&quot;			

--
# text = "We are to wait here?"
&quot;				
We	SBJ	pron.pper	?OLD	
are				
to				
wait				
here				
?				
&quot;			

--
# text = "Yes, we shall make our little ambush here.
&quot;				
Yes				
,				
we	SBJ	pron.pper	?OLD	
shall				
make				
our	other_2	pron.ppos	?OLD	
little				
ambush	OBJ	def-np.poss	?OLD	
here				
.			

# text = Get into this hollow, Lestrade.
Get				
into				
this				
hollow	other	def-np.dem	?OLD	
,				
Lestrade	other_2	ne	?OLD	
.			

# text = You have been inside the house, have you not, Watson?
You	SBJ	pron.pper	?OLD	
have				
been				
inside				
the				
house	other	def-np.the	?OLD	
,				
have				
you	SBJ_2	pron.pper	?OLD	
not				
,				
Watson	other	ne	?OLD	
?			

# text = Can you tell the position of the rooms?
Can				
you	SBJ	pron.pper	?OLD	
tell				
the				
position	OBJ	def-np.the	?OLD	
of				
the				
rooms	other_2	def-np.the	?OLD	
?			

--
# text = What are those latticed windows at this end?\"
What	other	pron.pint		
are				
those				
latticed				
windows	SBJ	def-np.dem	?OLD	
at				
this				
end	other_2	def-np.dem	?OLD	
?				
&quot;			

--
# text = \"I think they are the kitchen windows.\"
&quot;				
I	SBJ	pron.pper	?OLD	
think				
they	SBJ_2	pron.pper	?OLD	
are				
the				
kitchen				
windows	other	def-np.the	?OLD	
.				
&quot;			

--
# text = \"And the one beyond, which shines so brightly?\"
&quot;				
And				
the				
one				
beyond	other	def-np.quant	?OLD	
,				
which	SBJ_2			
shines				
so				
brightly				
?				
&quot;			

--
# text = "That is certainly the dining-room."
&quot;				
That	SBJ	pron.pds	?OLD	
is				
certainly				
the				
dining				
_				
room	other	def-np.the	?OLD	
.				
&quot;			

--
# text = \"The blinds are up.
&quot;				
The				
blinds	SBJ	def-np.the	?OLD	
are				
up				
.			

# text = You know the lie of the land best.
You	SBJ	pron.pper	?OLD	
know				
the				
lie	OBJ	def-np.the	?OLD	
of				
the				
land				
best				
.			

--
# text = Creep forward quietly and see what they are doing—but for heaven's sake don't let them know that they are watched!"
Creep				
forward				
quietly				
and				
see				
what	OBJ_3	pron.pint		
they	SBJ_3	pron.pper	?OLD	
are				
doing				
—but				
for				
heaven	other_5	indef-np.bare		
's				
sake	other_4	def-np.poss	?OLD	
do				
n't				
let				
them	OBJ_4	pron.pper	?OLD	
know				
that				
they	SBJ_6	pron.pper	?OLD	
are				
watched				
!				
&quot;			

# text = I tiptoed down the path and stooped behind the low wall which surrounded the stunted orchard.
I	SBJ	pron.pper	?OLD	
tiptoed				
down				
the				
path	OBJ	def-np.the	?OLD	
and				
stooped				
behind				
the				
low				
wall	other_2	def-np.the	?OLD	
which	SBJ_4			
surrounded				
the				
stunted				
orchard	OBJ_4	def-np.the	?OLD	
.			

# text = Creeping in its shadow I reached a point whence I could look straight through the uncurtained window.
Creeping				
in				
it	SBJ_2	pron.pper	?OLD	
s				
shadow	other	indef-np.bare		
I	SBJ_3	pron.pper	?OLD	
reached				
a				
point				
whence	OBJ_3	indef-np.a		
I	SBJ_5	pron.pper	?OLD	
could				
look				
straight				
through				
the				
uncurtained				
window	other_5	def-np.the	?OLD	
.			

# text = There were only two men in the room, Sir Henry and Stapleton.
There				
were				
only				
two				
men	SBJ	indef-np.quant		
in				
the				
room	other_2	def-np.the	?OLD	
,				
Sir	other_2	ne	?OLD	
Henry				
and				
Stapleton	other_2	ne	?OLD	
.			

# text = They sat with their profiles towards me on either side of the round table.
They	SBJ	pron.pper	?OLD	
sat				
with				
their	other_3	pron.ppos	?OLD	
profiles	other_2	def-np.poss	?OLD	
towards				
me	other	pron.pper	?OLD	
on				
either				
side	other	indef-np		
of				
the				
round				
table	other_2	def-np.the	?OLD	
.			

# text = Both of them were smoking cigars, and coffee and wine were in front of them.
Both	SBJ	def-np.poss	?OLD	
of				
them	other_2	pron.pper	?OLD	
were				
smoking				
cigars	OBJ	indef-np.bare		
,				
and				
coffee	SBJ_2	indef-np.bare		
and				
wine	other_3	indef-np.bare		
were				
in				
front	other	def-np.poss	?OLD	
of				
them	other_2	pron.pper	?OLD	
.			

# text = Stapleton was talking with animation, but the baronet looked pale and distrait.
Stapleton	SBJ	ne	?OLD	
was				
talking				
with				
animation	other	indef-np.bare		
,				
but				
the				
baronet	SBJ_2	def-np.the	?OLD	
looked				
pale	OBJ_2	indef-np.bare		
and				
distrait	other_3	indef-np.bare		
.			

# text = Perhaps the thought of that lonely walk across the ill-omened moor was weighing heavily upon his mind.
Perhaps				
the				
thought	SBJ	def-np.poss	?OLD	
of				
that				
lonely				
walk	other_2	def-np.dem	?OLD	
across				
the				
ill				
_				
omened				
moor	other_2	def-np.the	?OLD	
was				
weighing				
heavily				
upon				
his	other_2	pron.ppos	?OLD	
mind	other	def-np.poss	?OLD	
.			

# text = As I watched them Stapleton rose and left the room, while Sir Henry filled his glass again and leaned back in his chair, puffing at his cigar.
As				
I	SBJ	pron.pper	?OLD	
watched				
them	OBJ	pron.pper	?OLD	
Stapleton	SBJ_2	ne	?OLD	
rose				
and				
left				
the				
room	OBJ_2	def-np.the	?OLD	
,				
while				
Sir	SBJ_2	ne	?OLD	
Henry				
filled				
his	other_3	pron.ppos	?OLD	
glass	OBJ_2	def-np.poss	?OLD	
again				
and				
leaned				
back				
in				
his	other_4	pron.ppos	?OLD	
chair	other_3	def-np.poss	?OLD	
,				
puffing				
at				
his	other_4	pron.ppos	?OLD	
cigar	other_3	def-np.poss	?OLD	
.			

# text = I heard the creak of a door and the crisp sound of boots upon gravel.
I	SBJ	pron.pper	?OLD	
heard				
the				
creak	OBJ	def-np.the	?OLD	
of				
a				
door	other_2	indef-np.a		
and				
the				
crisp				
sound	other_2	def-np.the	?OLD	
of				
boots	other_3	indef-np.bare		
upon				
gravel	other_4	indef-np.bare		
.			

# text = The steps passed along the path on the other side of the wall under which I crouched.
The				
steps	SBJ	def-np.the	?OLD	
passed				
along				
the				
path	other	def-np.the	?OLD	
on				
the				
other				
side	other_2	def-np.the.other	?OLD	
of				
the				
wall	other_3	def-np.the	?OLD	
under				
which				
I	SBJ_2	pron.pper	?OLD	
crouched				
.			

# text = Looking over, I saw the naturalist pause at the door of an out-house in the corner of the orchard.
Looking				
over				
,				
I	SBJ	pron.pper	?OLD	
saw				
the				
naturalist				
pause	OBJ	def-np.the	?OLD	
at				
the				
door	other	def-np.the	?OLD	
of				
an				
out				
_				
house	other_2	indef-np.a		
in				
the				
corner	other_3	def-np.the	?OLD	
of				
the				
orchard	other_4	def-np.the	?OLD	
.			

# text = A key turned in a lock, and as he passed in there was a curious scuffling noise from within.
A				
key	SBJ	indef-np.a		
turned				
in				
a				
lock	other	indef-np.a		
,				
and				
as				
he	SBJ_3	pron.pper	?OLD	
passed				
in				
there				
was				
a				
curious				
scuffling				
noise	other	indef-np.a		
from				
within	other	indef-np.bare		
.			

# text = He was only a minute or so inside, and then I heard the key turn once more and he passed me and re-entered the house.
He	SBJ	pron.pper	?OLD	
was				
only				
a				
minute	other	indef-np.a		
or				
so				
inside				
,				
and				
then				
I	SBJ_2	pron.pper	?OLD	
heard				
the				
key				
turn	OBJ_2	def-np.the	?OLD	
once				
more				
and				
he	SBJ_2	pron.pper	?OLD	
passed				
me	OBJ_2	pron.pper	?OLD	
and				
re-entered				
the				
house	OBJ_3	def-np.the	?OLD	
.			

# text = I saw him rejoin his guest, and I crept quietly back to where my companions were waiting to tell them what I had seen.
I	SBJ	pron.pper	?OLD	
saw				
him	OBJ	pron.pper	?OLD	
rejoin				
his	other_2	pron.ppos	?OLD	
guest	other	def-np.poss	?OLD	
,				
and				
I	SBJ_2	pron.pper	?OLD	
crept				
quietly				
back				
to				
where				
my	other_5	pron.ppos	?OLD	
companions	SBJ_4	def-np.poss	?OLD	
were				
waiting				
to				
tell				
them	OBJ_5	pron.pper	?OLD	
what	OBJ_6	pron.pint		
I	SBJ_6	pron.pper	?OLD	
had				
seen				
.			

--
# text = "You say, Watson, that the lady is not there?"
&quot;				
You	SBJ	pron.pper	?OLD	
say				
,				
Watson	other	ne	?OLD	
,				
that				
the				
lady	SBJ_3	def-np.the	?OLD	
is				
not				
there	other_2	pron.padv	?OLD	
?				
&quot;			

# text = Holmes asked, when I had finished my report.
Holmes	SBJ	indef-np.bare		
asked				
,				
when				
I	SBJ_2	pron.pper	?OLD	
had				
finished				
my	other_3	pron.ppos	?OLD	
report	OBJ_2	def-np.poss	?OLD	
.			

--
# text = \"No.\" \"Where can she be, then, since there is no light in any other room except the kitchen?\"
&quot;				
No				
.				
&quot;				
&quot;				
Where				
can				
she	SBJ	pron.pper	?OLD	
be				
,				
then				
,				
since				
there				
is				
no				
light	SBJ_2	indef-np.quant		
in				
any				
other				
room	other_3	indef-np.a		
except				
the				
kitchen	other_4	def-np.the	?OLD	
?				
&quot;			

--
# text = "I cannot think where she is."
&quot;				
I	SBJ	pron.pper	?OLD	
can				
not				
think				
where	other	pron.pint		
she	SBJ_3	pron.pper	?OLD	
is				
.				
&quot;			

# text = I have said that over the great Grimpen Mire there hung a dense, white fog.
I	SBJ	pron.pper	?OLD	
have				
said				
that				
over				
the				
great				
Grimpen				
Mire	SBJ_2	ne	?OLD	
there				
hung				
a				
dense	OBJ_2	indef-np.a		
,				
white				
fog	other_3	indef-np.bare		
.			

# text = It was drifting slowly in our direction, and banked itself up like a wall on that side of us, low, but thick and well defined.
It	SBJ	pron.pper	?OLD	
was				
drifting				
slowly				
in				
our	other_2	pron.ppos	?OLD	
direction	other	def-np.poss	?OLD	
,				
and				
banked				
itself	OBJ_2			
up				
like				
a				
wall	other_2	indef-np.a		
on				
that				
side	other_3	def-np.dem	?OLD	
of				
us	other_4	pron.pper	?OLD	
,				
low				
,				
but				
thick				
and				
well				
defined				
.			

# text = The moon shone on it, and it looked like a great shimmering ice-field, with the heads of the distant tors as rocks borne upon its surface.
The				
moon				
shone	other	def-np.the	?OLD	
on				
it	other	pron.pper	?OLD	
,				
and				
it	SBJ_2	pron.pper	?OLD	
looked				
like				
a				
great				
shimmering				
ice				
_				
field	other_2	indef-np.a		
,				
with				
the				
heads	other	def-np.the	?OLD	
of				
the				
distant				
tors	other_2	def-np.the	?OLD	
as				
rocks	other	indef-np.bare		
borne				
upon				
its	other_4	pron.ppos	?OLD	
surface	other_3	def-np.poss	?OLD	
.			

# text = Holmes's face was turned towards it, and he muttered impatiently as he watched its sluggish drift.
Holmes	other_2	ne	?OLD	
's				
face	SBJ	def-np.poss	?OLD	
was				
turned				
towards				
it	other	pron.pper	?OLD	
,				
and				
he	SBJ_2	pron.pper	?OLD	
muttered				
impatiently				
as				
he	SBJ_3	pron.pper	?OLD	
watched				
its	other_4	pron.ppos	?OLD	
sluggish				
drift	OBJ_3	def-np.poss	?OLD	
.			

--
# text = "It's moving towards us, Watson."
&quot;				
It	SBJ	pron.pper	?OLD	
's				
moving				
towards				
us	other	pron.pper	?OLD	
,				
Watson	other_2	ne	?OLD	
.				
&quot;			

--
# text = "Is that serious?"
&quot;				
Is				
that	SBJ	pron.pds	?OLD	
serious				
?				
&quot;			

--
# text = "Very serious, indeed—the one thing upon earth which could have disarranged my plans.
&quot;				
Very				
serious				
,				
indeed				
—the				
one				
thing	other	def-np	?OLD	
upon				
earth	other	indef-np.bare		
which	SBJ_2			
could				
have				
disarranged				
my	other_3	pron.ppos	?OLD	
plans	OBJ_2	def-np.poss	?OLD	
.			

# text = He can't be very long, now.
He	SBJ	pron.pper	?OLD	
ca				
n't				
be				
very				
long				
,				
now				
.			

# text = It is already ten o'clock.
It	SBJ	pron.pper	?OLD	
is				
already				
ten				
o'clock	other	indef-np.quant		
.			

--
# text = Our success and even his life may depend upon his coming out before the fog is over the path."
Our	other_2	pron.ppos	?OLD	
success	SBJ	def-np.poss	?OLD	
and				
even				
his	other_4	pron.ppos	?OLD	
life	SBJ_3	def-np.poss	?OLD	
may				
depend				
upon				
his	SBJ_4	pron.pper	?OLD	
coming				
out				
before				
the				
fog	other_4	def-np.the	?OLD	
is				
over				
the				
path	other	def-np.the	?OLD	
.				
&quot;			

# text = The night was clear and fine above us.
The				
night	SBJ	def-np.the	?OLD	
was				
clear				
and				
fine				
above				
us	other_2	pron.pper	?OLD	
.			

# text = The stars shone cold and bright, while a half-moon bathed the whole scene in a soft, uncertain light.
The				
stars				
shone	other	def-np.the	?OLD	
cold				
and				
bright				
,				
while				
a				
half				
_				
moon	SBJ_2	indef-np.a		
bathed				
the				
whole				
scene	OBJ_2	def-np.the	?OLD	
in				
a				
soft				
,				
uncertain				
light	other_2	indef-np.a		
.			

# text = Before us lay the dark bulk of the house, its serrated roof and bristling chimneys hard outlined against the silver-spangled sky.
Before				
us	SBJ_2	pron.pper	?OLD	
lay				
the				
dark				
bulk	OBJ_2	def-np.the	?OLD	
of				
the				
house	other_3	def-np.the	?OLD	
,				
it	SBJ	pron.pper	?OLD	
s				
serrated				
roof	other	indef-np.bare		
and				
bristling				
chimneys	other	indef-np.bare		
hard				
outlined				
against				
the				
silver	other_5	indef-np.bare		
_				
spangled				
sky	other_3	def-np.the	?OLD	
.			

# text = Broad bars of golden light from the lower windows stretched across the orchard and the moor.
Broad				
bars	other	indef-np.bare		
of				
golden				
light	other	indef-np.bare		
from				
the				
lower				
windows	other	def-np.the	?OLD	
stretched				
across				
the				
orchard	other_3	def-np.the	?OLD	
and				
the				
moor	other	def-np.the	?OLD	
.			

# text = One of them was suddenly shut off.
One	SBJ	def-np.poss	?OLD	
of				
them	other_2	pron.pper	?OLD	
was				
suddenly				
shut				
off				
.			

# text = The servants had left the kitchen.
The				
servants	SBJ	def-np.the	?OLD	
had				
left				
the				
kitchen	OBJ	def-np.the	?OLD	
.			

# text = There only remained the lamp in the dining-room where the two men, the murderous host and the unconscious guest, still chatted over their cigars.
There				
only				
remained				
the				
lamp	OBJ	def-np.the	?OLD	
in				
the				
dining				
_				
room	other	def-np.the	?OLD	
where				
the				
two				
men	SBJ_3	def-np.quant	?OLD	
,				
the				
murderous				
host	other_4	def-np.the	?OLD	
and				
the				
unconscious				
guest	other_5	def-np.the	?OLD	
,				
still				
chatted				
over				
their	other_4	pron.ppos	?OLD	
cigars	other_3	def-np.poss	?OLD	
.			

# text = Every minute that white woolly plain which covered one half of the moor was drifting closer and closer to the house.
Every				
minute	other	indef-np		
that				
white				
woolly				
plain	SBJ_2	indef-np.bare		
which	SBJ_4			
covered				
one				
half	OBJ_4	indef-np.quant		
of				
the				
moor	other_5	def-np.the	?OLD	
was				
drifting				
closer				
and				
closer				
to				
the				
house	other_2	def-np.the	?OLD	
.			

# text = Already the first thin wisps of it were curling across the golden square of the lighted window.
Already				
the				
first				
thin				
wisps	SBJ	def-np.poss	?OLD	
of				
it	other_2	pron.pper	?OLD	
were				
curling				
across				
the				
golden				
square	other	def-np.the	?OLD	
of				
the				
lighted				
window	other_2	def-np.the	?OLD	
.			

# text = The farther wall of the orchard was already invisible, and the trees were standing out of a swirl of white vapour.
The				
farther				
wall	SBJ	def-np.the	?OLD	
of				
the				
orchard	other_2	def-np.the	?OLD	
was				
already				
invisible				
,				
and				
the				
trees	SBJ_2	def-np.the	?OLD	
were				
standing				
out				
of				
a				
swirl	other_2	indef-np.a		
of				
white				
vapour	other_3	indef-np.bare		
.			

# text = As we watched it the fog-wreaths came crawling round both corners of the house and rolled slowly into one dense bank, on which the upper floor and the roof floated like a strange ship upon a shadowy sea.
As				
we	SBJ_2	pron.pper	?OLD	
watched				
it	OBJ_2	pron.pper	?OLD	
the				
fog				
_				
wreaths	SBJ	def-np.the	?OLD	
came				
crawling				
round				
both				
corners	other_2	def-np.quant	?OLD	
of				
the				
house	other_3	def-np.the	?OLD	
and				
rolled				
slowly				
into				
one				
dense				
bank	other_3	indef-np.quant		
,				
on				
which				
the				
upper				
floor	SBJ_5	def-np.the	?OLD	
and				
the				
roof	other_6	def-np.the	?OLD	
floated				
like				
a				
strange				
ship	other_5	indef-np.a		
upon				
a				
shadowy				
sea	other_5	indef-np.a		
.			

# text = Holmes struck his hand passionately upon the rock in front of us and stamped his feet in his impatience.
Holmes				
struck				
his	other_2	pron.ppos	?OLD	
hand	OBJ	def-np.poss	?OLD	
passionately				
upon				
the				
rock	other	def-np.the	?OLD	
in				
front	other_2	def-np.poss	?OLD	
of				
us	other_3	pron.pper	?OLD	
and				
stamped				
his	other_3	pron.ppos	?OLD	
feet	OBJ_2	def-np.poss	?OLD	
in				
his	other_3	pron.ppos	?OLD	
impatience	other_2	def-np.poss	?OLD	
.			

--
# text = \"If he isn't out in a quarter of an hour the path will be covered.
&quot;				
If				
he	SBJ_2	pron.pper	?OLD	
is				
n't				
out				
in				
a				
quarter	other	indef-np.a		
of				
an				
hour	other_2	indef-np.a		
the				
path	SBJ	def-np.the	?OLD	
will				
be				
covered				
.			

--
# text = In half an hour we won't be able to see our hands in front of us."
In				
half				
an				
hour	other	indef-np.a		
we	SBJ	pron.pper	?OLD	
wo				
n't				
be				
able				
to				
see				
our	other_3	pron.ppos	?OLD	
hands	OBJ_2	def-np.poss	?OLD	
in				
front	other_2	def-np.poss	?OLD	
of				
us	other_3	pron.pper	?OLD	
.				
&quot;			

--
# text = "Shall we move farther back upon higher ground?"
&quot;				
Shall				
we	SBJ	pron.pper	?OLD	
move				
farther				
back				
upon				
higher				
ground	other	indef-np.bare		
?				
&quot;			

--
# text = \"Yes, I think it would be as well.\"
&quot;				
Yes				
,				
I	SBJ	pron.pper	?OLD	
think				
it	SBJ_2	pron.pper	?OLD	
would				
be				
as				
well				
.				
&quot;			

# text = So as the fog-bank flowed onward we fell back before it until we were half a mile from the house, and still that dense white sea, with the moon silvering its upper edge, swept slowly and inexorably on.
So				
as				
the				
fog				
_				
bank	other_2	def-np.the	?OLD	
flowed				
onward				
we	SBJ_2	pron.pper	?OLD	
fell				
back				
before				
it	other_3	pron.pper	?OLD	
until				
we	SBJ_3	pron.pper	?OLD	
were				
half				
a				
mile	other_2	indef-np.a		
from				
the				
house	other_3	def-np.the	?OLD	
,				
and				
still				
that				
dense				
white				
sea	other_2	def-np.dem	?OLD	
,				
with				
the				
moon	SBJ_3	def-np.the	?OLD	
silvering				
its	other_4	pron.ppos	?OLD	
upper				
edge	OBJ_3	def-np.poss	?OLD	
,				
swept				
slowly				
and				
inexorably				
on				
.			

--
# text = \"We are going too far,\" said Holmes.
&quot;				
We	SBJ_2	pron.pper	?OLD	
are				
going				
too				
far				
,				
&quot;				
said				
Holmes	SBJ	ne	?OLD	
.			

--
# text = "We dare not take the chance of his being overtaken before he can reach us.
&quot;				
We	SBJ	pron.pper	?OLD	
dare				
not				
take				
the				
chance	OBJ_2	def-np.the	?OLD	
of				
his	SBJ_4	pron.pper	?OLD	
being				
overtaken				
before				
he	SBJ_5	pron.pper	?OLD	
can				
reach				
us	OBJ_5	pron.pper	?OLD	
.			

--
# text = At all costs we must hold our ground where we are."
At				
all				
costs	other	indef-np.a		
we	SBJ	pron.pper	?OLD	
must				
hold				
our	other_2	pron.ppos	?OLD	
ground	OBJ	def-np.poss	?OLD	
where				
we	SBJ_2	pron.pper	?OLD	
are				
.				
&quot;			

# text = He dropped on his knees and clapped his ear to the ground.
He	SBJ	pron.pper	?OLD	
dropped				
on				
his	other_2	pron.ppos	?OLD	
knees	other	def-np.poss	?OLD	
and				
clapped				
his	other_3	pron.ppos	?OLD	
ear	OBJ_2	def-np.poss	?OLD	
to				
the				
ground	other_3	def-np.the	?OLD	
.			

--
# text = \"Thank God, I think that I hear him coming.\"
&quot;				
Thank	other	indef-np.bare		
God	other	ne	?OLD	
,				
I	SBJ_2	pron.pper	?OLD	
think				
that				
I	SBJ_3	pron.pper	?OLD	
hear				
him	OBJ_3	pron.pper	?OLD	
coming				
.				
&quot;			

# text = A sound of quick steps broke the silence of the moor.
A				
sound	SBJ	indef-np.a		
of				
quick				
steps	other_2	indef-np.bare		
broke				
the				
silence	OBJ	def-np.the	?OLD	
of				
the				
moor	other_2	def-np.the	?OLD	
.			

# text = Crouching among the stones we stared intently at the silver-tipped bank in front of us.
Crouching				
among				
the				
stones	other_2	def-np.the	?OLD	
we	SBJ	pron.pper	?OLD	
stared				
intently				
at				
the				
silver	other_3	indef-np.bare		
_				
tipped				
bank	other	def-np.the	?OLD	
in				
front	other	def-np.poss	?OLD	
of				
us	other_2	pron.pper	?OLD	
.			

# text = The steps grew louder, and through the fog, as through a curtain, there stepped the man whom we were awaiting.
The				
steps	SBJ	def-np.the	?OLD	
grew				
louder	OBJ	indef-np.bare		
,				
and				
through				
the				
fog	other	def-np.the	?OLD	
,				
as				
through				
a				
curtain	other_2	indef-np.a		
,				
there				
stepped				
the				
man	OBJ_2	def-np.the	?OLD	
whom	OBJ_4			
we	SBJ_4	pron.pper	?OLD	
were				
awaiting				
.			

# text = He looked round him in surprise as he emerged into the clear, starlit night.
He	SBJ	pron.pper	?OLD	
looked				
round				
him	OBJ	pron.pper	?OLD	
in				
surprise	other	indef-np.bare		
as				
he	SBJ_2	pron.pper	?OLD	
emerged				
into				
the				
clear				
,				
starlit				
night	other_2	def-np.the	?OLD	
.			

# text = Then he came swiftly along the path, passed close to where we lay, and went on up the long slope behind us.
Then				
he	SBJ	pron.pper	?OLD	
came				
swiftly				
along				
the				
path	other	def-np.the	?OLD	
,				
passed				
close				
to				
where	other_3	pron.pint		
we	SBJ_5	pron.pper	?OLD	
lay				
,				
and				
went				
on				
up				
the				
long				
slope	OBJ_2	def-np.the	?OLD	
behind				
us	other_3	pron.pper	?OLD	
.			

# text = As he walked he glanced continually over either shoulder, like a man who is ill at ease.
As				
he	SBJ_2	pron.pper	?OLD	
walked				
he	SBJ	pron.pper	?OLD	
glanced				
continually				
over				
either				
shoulder	other	indef-np		
,				
like				
a				
man	other_2	indef-np.a		
who	SBJ_4			
is				
ill				
at				
ease	other_4	indef-np.bare		
.			

--
# text = "Hist!" cried Holmes, and I heard the sharp click of a cocking pistol.
&quot;				
Hist				
!				
&quot;				
cried				
Holmes	OBJ	ne	?OLD	
,				
and				
I	SBJ_2	pron.pper	?OLD	
heard				
the				
sharp				
click	OBJ_2	def-np.the	?OLD	
of				
a				
cocking				
pistol	other_3	indef-np.a		
.			

--
# text = \"Look out!
&quot;				
Look				
out				
!			

--
# text = It's coming!\"
It	SBJ	pron.pper	?OLD	
's				
coming				
!				
&quot;			

# text = There was a thin, crisp, continuous patter from somewhere in the heart of that crawling bank.
There				
was				
a				
thin				
,				
crisp				
,				
continuous				
patter	SBJ	indef-np.a		
from				
somewhere				
in				
the				
heart	other_2	def-np.the	?OLD	
of				
that				
crawling				
bank	other_3	indef-np.bare		
.			

# text = The cloud was within fifty yards of where we lay, and we glared at it, all three, uncertain what horror was about to break from the heart of it.
The				
cloud	SBJ	def-np.the	?OLD	
was				
within				
fifty				
yards	other	indef-np.quant		
of				
where	other	pron.pint		
we	SBJ_3	pron.pper	?OLD	
lay				
,				
and				
we	SBJ_2	pron.pper	?OLD	
glared				
at				
it	other_2	pron.pper	?OLD	
,				
all				
three				
,				
uncertain				
what	other_4	pron.pint		
horror	SBJ_3	indef-np		
was				
about				
to				
break				
from				
the				
heart	other_4	def-np.poss	?OLD	
of				
it	other_5	pron.pper	?OLD	
.			

# text = I was at Holmes's elbow, and I glanced for an instant at his face.
I	SBJ	pron.pper	?OLD	
was				
at				
Holmes	other	ne	?OLD	
's				
elbow	other	def-np.poss	?OLD	
,				
and				
I	SBJ_2	pron.pper	?OLD	
glanced				
for				
an				
instant	other_2	indef-np.a		
at				
his	other_4	pron.ppos	?OLD	
face	other_3	def-np.poss	?OLD	
.			

# text = It was pale and exultant, his eyes shining brightly in the moonlight.
It	SBJ	pron.pper	?OLD	
was				
pale				
and				
exultant				
,				
his	other_2	pron.ppos	?OLD	
eyes	other	def-np.poss	?OLD	
shining				
brightly				
in				
the				
moonlight	other_3	def-np.the	?OLD	
.			

# text = But suddenly they started forward in a rigid, fixed stare, and his lips parted in amazement.
But				
suddenly				
they	SBJ	pron.pper	?OLD	
started				
forward				
in				
a				
rigid	other	indef-np.a		
,				
fixed				
stare	OBJ_2	indef-np.bare		
,				
and				
his	other_2	pron.ppos	?OLD	
lips	other	def-np.poss	?OLD	
parted				
in				
amazement	other_3	indef-np.bare		
.			

# text = At the same instant Lestrade gave a yell of terror and threw himself face downward upon the ground.
At				
the				
same				
instant				
Lestrade	other	ne	?OLD	
gave				
a				
yell	OBJ	indef-np.a		
of				
terror	other_2	indef-np.bare		
and				
threw				
himself				
face	OBJ_2	def-np.poss	?OLD	
downward				
upon				
the				
ground	other_2	def-np.the	?OLD	
.			

# text = I sprang to my feet, my inert hand grasping my pistol, my mind paralyzed by the dreadful shape which had sprung out upon us from the shadows of the fog.
I	SBJ	pron.pper	?OLD	
sprang				
to				
my	other_2	pron.ppos	?OLD	
feet	other	def-np.poss	?OLD	
,				
my	other_2	pron.ppos	?OLD	
inert				
hand	OBJ	def-np.poss	?OLD	
grasping				
my	other_4	pron.ppos	?OLD	
pistol	OBJ_3	def-np.poss	?OLD	
,				
my	other_4	pron.ppos	?OLD	
mind	OBJ_3	def-np.poss	?OLD	
paralyzed				
by				
the				
dreadful				
shape	other_5	def-np.the	?OLD	
which	SBJ_7			
had				
sprung				
out				
upon				
us	other_7	pron.pper	?OLD	
from				
the				
shadows	other_7	def-np.the	?OLD	
of				
the				
fog	other_8	def-np.the	?OLD	
.			

# text = A hound it was, an enormous coal-black hound, but not such a hound as mortal eyes have ever seen.
A				
hound	SBJ	indef-np.a		
it	SBJ_3	pron.pper	?OLD	
was				
,				
an				
enormous				
coal	other_4	indef-np.bare		
_				
black				
hound	other_2	indef-np.a		
,				
but				
not				
such				
a				
hound	other_2	pron.pds		
as				
mortal				
eyes	other_3	indef-np.bare		
have				
ever				
seen				
.			

# text = Fire burst from its open mouth, its eyes glowed with a smouldering glare, its muzzle and hackles and dewlap were outlined in flickering flame.
Fire				
burst	OBJ	indef-np.bare		
from				
its	other_2	pron.ppos	?OLD	
open				
mouth	other	def-np.poss	?OLD	
,				
it	SBJ_2	pron.pper	?OLD	
s				
eyes	SBJ_2	indef-np.bare		
glowed				
with				
a				
smouldering				
glare	other_2	indef-np.a		
,				
its	other_3	pron.ppos	?OLD	
muzzle	SBJ_2	def-np.poss	?OLD	
and				
hackles	other_3	indef-np.bare		
and				
dewlap	other_3	indef-np.bare		
were				
outlined				
in				
flickering				
flame	other_2	indef-np.bare		
.			

# text = Never in the delirious dream of a disordered brain could anything more savage, more appalling, more hellish be conceived than that dark form and savage face which broke upon us out of the wall of fog.
Never				
in				
the				
delirious				
dream	SBJ	def-np.the	?OLD	
of				
a				
disordered				
brain	other_2	indef-np.a		
could				
anything	SBJ	pron	?OLD	
more				
savage	OBJ_2	indef-np.bare		
,				
more				
appalling				
,				
more				
hellish				
be				
conceived				
than				
that				
dark				
form	other	def-np.dem	?OLD	
and				
savage				
face	other_2	indef-np.bare		
which	SBJ_4			
broke				
upon				
us	other_4	pron.pper	?OLD	
out				
of				
the				
wall	other_4	def-np.the	?OLD	
of				
fog	other_5	indef-np.bare		
.			

# text = With long bounds the huge black creature was leaping down the track, following hard upon the footsteps of our friend.
With				
long				
bounds	other	indef-np.bare		
the				
huge				
black				
creature	SBJ	def-np.the	?OLD	
was				
leaping				
down				
the				
track	OBJ	def-np.the	?OLD	
,				
following				
hard				
upon				
the				
footsteps	other_2	def-np.poss	?OLD	
of				
our	other_4	pron.ppos	?OLD	
friend	other_3	def-np.poss	?OLD	
.			

# text = So paralyzed were we by the apparition that we allowed him to pass before we had recovered our nerve.
So				
paralyzed				
were				
we	SBJ	pron.pper	?OLD	
by				
the				
apparition	other_2	def-np.the	?OLD	
that	OBJ_4			
we	SBJ_4	pron.pper	?OLD	
allowed				
him	OBJ_4	pron.pper	?OLD	
to				
pass				
before				
we	SBJ_6	pron.pper	?OLD	
had				
recovered				
our	other_7	pron.ppos	?OLD	
nerve	OBJ_6	def-np.poss	?OLD	
.			

# text = Then Holmes and I both fired together, and the creature gave a hideous howl, which showed that one at least had hit him.
Then				
Holmes	SBJ	ne	?OLD	
and				
I	other_2	pron.pper	?OLD	
both				
fired				
together				
,				
and				
the				
creature	SBJ_2	def-np.the	?OLD	
gave				
a				
hideous				
howl	OBJ_2	indef-np.a		
,				
which	SBJ_4			
showed				
that				
one	OBJ_4	def-np.dem	?OLD	
at				
least				
had				
hit				
him	OBJ_5	pron.pper	?OLD	
.			

# text = He did not pause, however, but bounded onward.
He	SBJ	pron.pper	?OLD	
did				
not				
pause				
,				
however				
,				
but				
bounded				
onward				
.			

# text = Far away on the path we saw Sir Henry looking back, his face white in the moonlight, his hands raised in horror, glaring helplessly at the frightful thing which was hunting him down.
Far				
away				
on				
the				
path	other_2	def-np.the	?OLD	
we	SBJ	pron.pper	?OLD	
saw				
Sir				
Henry	OBJ	ne	?OLD	
looking				
back				
,				
his	other_2	pron.ppos	?OLD	
face	OBJ	def-np.poss	?OLD	
white				
in				
the				
moonlight	other_2	def-np.the	?OLD	
,				
his	other_3	pron.ppos	?OLD	
hands	other_2	def-np.poss	?OLD	
raised				
in				
horror	other_4	indef-np.bare		
,				
glaring				
helplessly				
at				
the				
frightful				
thing	other_5	def-np.the	?OLD	
which	SBJ_7			
was				
hunting				
him	OBJ_7	pron.pper	?OLD	
down				
.			

# text = But that cry of pain from the hound had blown all our fears to the winds.
But				
that				
cry	SBJ	def-np.dem	?OLD	
of				
pain	other_2	indef-np.bare		
from				
the				
hound	other_3	def-np.the	?OLD	
had				
blown				
all				
our	other_2	pron.ppos	?OLD	
fears	OBJ	def-np.poss	?OLD	
to				
the				
winds	other	def-np.the	?OLD	
.			

# text = If he was vulnerable he was mortal, and if we could wound him we could kill him.
If				
he	SBJ_2	pron.pper	?OLD	
was				
vulnerable				
he	SBJ	pron.pper	?OLD	
was				
mortal				
,				
and				
if				
we	SBJ_3	pron.pper	?OLD	
could				
wound				
him	OBJ_3	pron.pper	?OLD	
we	SBJ_2	pron.pper	?OLD	
could				
kill				
him	OBJ_2	pron.pper	?OLD	
.			

# text = Never have I seen a man run as Holmes ran that night.
Never				
have				
I	SBJ	pron.pper	?OLD	
seen				
a				
man	OBJ	indef-np.a		
run				
as				
Holmes	SBJ_2	ne	?OLD	
ran				
that				
night	other_2	def-np.dem	?OLD	
.			

# text = I am reckoned fleet of foot, but he outpaced me as much as I outpaced the little professional.
I	SBJ	pron.pper	?OLD	
am				
reckoned				
fleet	OBJ	indef-np.bare		
of				
foot	other_2	indef-np.bare		
,				
but				
he	SBJ_2	pron.pper	?OLD	
outpaced				
me	OBJ_2	pron.pper	?OLD	
as				
much				
as				
I	SBJ_4	pron.pper	?OLD	
outpaced				
the				
little				
professional	OBJ_4			
.			

# text = In front of us as we flew up the track we heard scream after scream from Sir Henry and the deep roar of the hound.
In				
front	other	def-np.poss	?OLD	
of				
us	other_2	pron.pper	?OLD	
as				
we	SBJ	pron.pper	?OLD	
flew				
up				
the				
track	OBJ	def-np.the	?OLD	
we	SBJ_3	pron.pper	?OLD	
heard				
scream	OBJ_3	indef-np.bare		
after				
scream	other_3	indef-np.bare		
from				
Sir	other_4	ne	?OLD	
Henry				
and				
the				
deep				
roar	other_5	def-np.the	?OLD	
of				
the				
hound	other_6	def-np.the	?OLD	
.			

# text = I was in time to see the beast spring upon its victim, hurl him to the ground, and worry at his throat.
I	SBJ	pron.pper	?OLD	
was				
in				
time	other	indef-np.bare		
to				
see				
the				
beast				
spring	OBJ_2	def-np.the	?OLD	
upon				
it	SBJ_3	pron.pper	?OLD	
s				
victim				
,				
hurl				
him	OBJ_2	pron.pper	?OLD	
to				
the				
ground	other_2	def-np.the	?OLD	
,				
and				
worry				
at				
his	other_4	pron.ppos	?OLD	
throat	other_3	def-np.poss	?OLD	
.			

# text = But the next instant Holmes had emptied five barrels of his revolver into the creature's flank.
But				
the				
next				
instant				
Holmes	SBJ	def-np.the	?OLD	
had				
emptied				
five				
barrels	OBJ	def-np.poss	?OLD	
of				
his	other_3	pron.ppos	?OLD	
revolver	other_2	def-np.poss	?OLD	
into				
the				
creature	other_2	def-np.the	?OLD	
's				
flank	other	def-np.poss	?OLD	
.			

# text = With a last howl of agony and a vicious snap in the air, it rolled upon its back, four feet pawing furiously, and then fell limp upon its side.
With				
a				
last				
howl	other	indef-np.a		
of				
agony	other_2	indef-np.bare		
and				
a				
vicious				
snap	other_2	indef-np.a		
in				
the				
air	other_3	def-np.the	?OLD	
,				
it	SBJ	pron.pper	?OLD	
rolled				
upon				
its	other_3	pron.ppos	?OLD	
back				
,				
four				
feet	OBJ	indef-np.bare		
pawing				
furiously				
,				
and				
then				
fell				
limp				
upon				
its	other_4	pron.ppos	?OLD	
side	other_3	def-np.poss	?OLD	
.			

# text = I stooped, panting, and pressed my pistol to the dreadful, shimmering head, but it was useless to press the trigger.
I	SBJ	pron.pper	?OLD	
stooped				
,				
panting				
,				
and				
pressed				
my	other_4	pron.ppos	?OLD	
pistol	OBJ_3	def-np.poss	?OLD	
to				
the				
dreadful	other_4	def-np.the	?OLD	
,				
shimmering				
head	other_4	indef-np.bare		
,				
but				
it				
was				
useless				
to				
press				
the				
trigger	OBJ_3	def-np.the	?OLD	
.			

# text = The giant hound was dead.
The				
giant				
hound	SBJ	def-np.the	?OLD	
was				
dead				
.			

# text = Sir
Sir	other	ne	?OLD

# text = Henry lay insensible where he had fallen.
Henry	SBJ	ne	?OLD	
lay				
insensible				
where				
he	SBJ_2	pron.pper	?OLD	
had				
fallen				
.			

# text = We tore away his collar, and Holmes breathed a prayer of gratitude when we saw that there was no sign of a wound and that the rescue had been in time.
We	SBJ	pron.pper	?OLD	
tore				
away				
his	other_2	pron.ppos	?OLD	
collar	OBJ	def-np.poss	?OLD	
,				
and				
Holmes	other	ne	?OLD	
breathed				
a				
prayer	OBJ_2	indef-np.a		
of				
gratitude	other_3	indef-np.bare		
when				
we	SBJ_3	pron.pper	?OLD	
saw				
that				
there				
was				
no				
sign	SBJ_4	indef-np.quant		
of				
a				
wound	other_5	indef-np.a		
and				
that				
the				
rescue	SBJ_5	def-np.the	?OLD	
had				
been				
in				
time	other_4	indef-np.bare		
.			

# text = Already our friend's eyelids shivered and he made a feeble effort to move.
Already				
our	other_3	pron.ppos	?OLD	
friend	other_2	def-np.poss	?OLD	
's				
eyelids	SBJ	def-np.poss	?OLD	
shivered				
and				
he	SBJ_2	pron.pper	?OLD	
made				
a				
feeble				
effort	OBJ_2	indef-np.a		
to				
move				
.			

# text = Lestrade thrust his brandy-flask between the baronet's teeth, and two frightened eyes were looking up at us.
Lestrade	SBJ	ne	?OLD	
thrust				
his	other_2	pron.ppos	?OLD	
brandy				
_				
flask	OBJ	def-np.poss	?OLD	
between				
the				
baronet	other_2	def-np.the	?OLD	
's				
teeth	other	def-np.poss	?OLD	
,				
and				
two				
frightened				
eyes	SBJ_2	indef-np.quant		
were				
looking				
up				
at				
us	other_2	pron.pper	?OLD	
.			

--
# text = \"My God!\" he whispered.
&quot;				
My	other_2	pron.ppos	?OLD	
God	SBJ	ne	?OLD	
!				
&quot;				
he	SBJ	pron.pper	?OLD	
whispered				
.			

--
# text = \"What was it?
&quot;				
What	SBJ	pron.pint		
was				
it	SBJ	pron.pper	?OLD	
?			

--
# text = What, in heaven's name, was it?"
What	SBJ	pron.pint		
,				
in				
heaven	other_3	indef-np.bare		
's				
name	other_2	def-np.poss	?OLD	
,				
was				
it	SBJ	pron.pper	?OLD	
?				
&quot;			

--
# text = "It's dead, whatever it is," said Holmes.
&quot;				
It	SBJ_2	pron.pper	?OLD	
's				
dead				
,				
whatever	other_2	pron.pint		
it	SBJ_4	pron.pper	?OLD	
is				
,				
&quot;				
said				
Holmes	SBJ	ne	?OLD	
.			

--
# text = \"We've laid the family ghost once and forever.\"
&quot;				
We	SBJ	pron.pper	?OLD	
've				
laid				
the				
family				
ghost	OBJ	def-np.the	?OLD	
once				
and				
forever				
.				
&quot;			

# text = In mere size and strength it was a terrible creature which was lying stretched before us.
In				
mere				
size	other	indef-np.bare		
and				
strength	other_2	indef-np.bare		
it	SBJ	pron.pper	?OLD	
was				
a				
terrible				
creature	other	indef-np.a		
which	SBJ_2			
was				
lying				
stretched				
before				
us	other_3	pron.pper	?OLD	
.			

# text = It was not a pure bloodhound and it was not a pure mastiff; but it appeared to be a combination of the two—gaunt, savage, and as large as a small lioness.
It	SBJ	pron.pper	?OLD	
was				
not				
a				
pure				
bloodhound	other	indef-np.a		
and				
it	SBJ_2	pron.pper	?OLD	
was				
not				
a				
pure				
mastiff	other	indef-np.a		
;				
but				
it	SBJ_2	pron.pper	?OLD	
appeared				
to				
be				
a				
combination	other_2	indef-np.a		
of				
the				
two				
—gaunt	other_3	def-np.quant	?OLD	
,				
savage	other_4	indef-np.bare		
,				
and				
as				
large				
as				
a				
small				
lioness	other_5	indef-np.a		
.			

# text = Even now, in the stillness of death, the huge jaws seemed to be dripping with a bluish flame and the small, deep-set, cruel eyes were ringed with fire.
Even				
now				
,				
in				
the				
stillness	other	def-np.the	?OLD	
of				
death	other_2	indef-np.bare		
,				
the				
huge				
jaws	SBJ	def-np.the	?OLD	
seemed				
to				
be				
dripping				
with				
a				
bluish				
flame	other_2	indef-np.a		
and				
the				
small				
,				
deep				
_				
set				
,				
cruel				
eyes	SBJ_4	indef-np.bare		
were				
ringed				
with				
fire	other_4	indef-np.bare		
.			

# text = I placed my hand upon the glowing muzzle, and as I held them up my own fingers smouldered and gleamed in the darkness.
I	SBJ	pron.pper	?OLD	
placed				
my	other_2	pron.ppos	?OLD	
hand	OBJ	def-np.poss	?OLD	
upon				
the				
glowing				
muzzle	other	def-np.the	?OLD	
,				
and				
as				
I	SBJ_2	pron.pper	?OLD	
held				
them	OBJ_2	pron.pper	?OLD	
up				
my	other_3	pron.ppos	?OLD	
own				
fingers	OBJ_2	def-np.poss	?OLD	
smouldered				
and				
gleamed				
in				
the				
darkness	other_3	def-np.the	?OLD	
.			

--
# text = "Phosphorus," I said.
&quot;				
Phosphorus	other	indef-np.bare		
,				
&quot;				
I	SBJ	pron.pper	?OLD	
said				
.			

--
# text = "A cunning preparation of it," said Holmes, sniffing at the dead animal.
&quot;				
A				
cunning				
preparation	SBJ	def-np.poss	?OLD	
of				
it	other_2	pron.pper	?OLD	
,				
&quot;				
said				
Holmes	SBJ	ne	?OLD	
,				
sniffing				
at				
the				
dead				
animal	other_3	def-np.the	?OLD	
.			

--
# text = \"There is no smell which might have interfered with his power of scent.
&quot;				
There				
is				
no				
smell	SBJ	indef-np.quant		
which	SBJ_3			
might				
have				
interfered				
with				
his	other_4	pron.ppos	?OLD	
power	other_3	def-np.poss	?OLD	
of				
scent	other_4	indef-np.bare		
.			

# text = We owe you a deep apology, Sir Henry, for having exposed you to this fright.
We	SBJ	pron.pper	?OLD	
owe				
you	OBJ	pron.pper	?OLD	
a				
deep				
apology	OBJ	indef-np.a		
,				
Sir	other_2	ne	?OLD	
Henry				
,				
for				
having				
exposed				
you	OBJ_2	pron.pper	?OLD	
to				
this				
fright	other_2	def-np.dem	?OLD	
.			

# text = I was prepared for a hound, but not for such a creature as this.
I	SBJ	pron.pper	?OLD	
was				
prepared				
for				
a				
hound	other	indef-np.a		
,				
but				
not				
for				
such				
a				
creature	other	pron.pds		
as				
this	other_2	pron.pds	?OLD	
.			

--
# text = And the fog gave us little time to receive him.\"
And				
the				
fog	SBJ	def-np.the	?OLD	
gave				
us	OBJ	pron.pper	?OLD	
little				
time	OBJ	indef-np.bare		
to				
receive				
him	OBJ_3	pron.pper	?OLD	
.				
&quot;			

--
# text = \"You have saved my life.\"
&quot;				
You	SBJ	pron.pper	?OLD	
have				
saved				
my	other_2	pron.ppos	?OLD	
life	OBJ	def-np.poss	?OLD	
.				
&quot;			

--
# text = \"Having first endangered it.
&quot;				
Having				
first				
endangered				
it	OBJ_2	pron.pper	?OLD	
.			

--
# text = Are you strong enough to stand?\"
Are				
you	SBJ	pron.pper	?OLD	
strong				
enough				
to				
stand				
?				
&quot;			

--
# text = "Give me another mouthful of that brandy and I shall be ready for anything.
&quot;				
Give				
me	OBJ	pron.pper	?OLD	
another				
mouthful	OBJ	def-np.poss	?OLD	
of				
that				
brandy	other_2	def-np.dem	?OLD	
and				
I	SBJ_2	pron.pper	?OLD	
shall				
be				
ready				
for				
anything	other_2	pron	?OLD	
.			

# text = So!
So				
!			

# text = Now, if you will help me up.
Now				
,				
if				
you	SBJ	pron.pper	?OLD	
will				
help				
me	OBJ	pron.pper	?OLD	
up				
.			

--
# text = What do you propose to do?\"
What	OBJ	pron.pint		
do				
you	SBJ	pron.pper	?OLD	
propose				
to				
do				
?				
&quot;			

--
# text = \"To leave you here.
&quot;				
To				
leave				
you	OBJ	pron.pper	?OLD	
here				
.			

# text = You are not fit for further adventures to-night.
You	SBJ	pron.pper	?OLD	
are				
not				
fit				
for				
further				
adventures	other	indef-np.bare		
to				
_				
night	other_2	indef-np.bare		
.			

--
# text = If you will wait, one or other of us will go back with you to the Hall."
If				
you	SBJ_3	pron.pper	?OLD	
will				
wait				
,				
one				
or				
other	SBJ_4	def-np.poss	?OLD	
of				
us	other_5	pron.pper	?OLD	
will				
go				
back				
with				
you	other_3	pron.pper	?OLD	
to				
the				
Hall	other_3	def-np.the	?OLD	
.				
&quot;			

# text = He tried to stagger to his feet; but he was still ghastly pale and trembling in every limb.
He	SBJ	pron.pper	?OLD	
tried				
to				
stagger				
to				
his	other_3	pron.ppos	?OLD	
feet	other_2	def-np.poss	?OLD	
;				
but				
he	SBJ_2	pron.pper	?OLD	
was				
still				
ghastly				
pale				
and				
trembling				
in				
every				
limb	other_3	indef-np		
.			

# text = We helped him to a rock, where he sat shivering with his face buried in his hands.
We	SBJ	pron.pper	?OLD	
helped				
him	OBJ	pron.pper	?OLD	
to				
a				
rock	other	indef-np.a		
,				
where				
he	SBJ_3	pron.pper	?OLD	
sat				
shivering				
with				
his	other_5	pron.ppos	?OLD	
face	other_4	def-np.poss	?OLD	
buried				
in				
his	other_6	pron.ppos	?OLD	
hands	other_5	def-np.poss	?OLD	
.			

--
# text = "We must leave you now," said Holmes.
&quot;				
We	SBJ_2	pron.pper	?OLD	
must				
leave				
you	OBJ_2	pron.pper	?OLD	
now				
,				
&quot;				
said				
Holmes	SBJ	ne	?OLD	
.			

--
# text = "The rest of our work must be done, and every moment is of importance.
&quot;				
The				
rest	SBJ	def-np.poss	?OLD	
of				
our	other_3	pron.ppos	?OLD	
work	other_2	def-np.poss	?OLD	
must				
be				
done				
,				
and				
every				
moment	SBJ_2	indef-np		
is				
of				
importance	other	indef-np.bare		
.			

# text = We have our case, and now we only want our man.
We	SBJ	pron.pper	?OLD	
have				
our	other_2	pron.ppos	?OLD	
case	OBJ	def-np.poss	?OLD	
,				
and				
now				
we	SBJ_2	pron.pper	?OLD	
only				
want				
our	other_3	pron.ppos	?OLD	
man	OBJ_2	def-np.poss	?OLD	
.			

--
# text = "It's a thousand to one against our finding him at the house," he continued as we retraced our steps swiftly down the path.
&quot;				
It	SBJ	pron.pper	?OLD	
's				
a				
thousand				
to				
one				
against				
our	other_2	pron.ppos	?OLD	
finding				
him	OBJ_2	pron.pper	?OLD	
at				
the				
house	other_2	def-np.the	?OLD	
,				
&quot;				
he	SBJ_2	pron.pper	?OLD	
continued				
as				
we	SBJ_3	pron.pper	?OLD	
retraced				
our	other_4	pron.ppos	?OLD	
steps	OBJ_3	def-np.poss	?OLD	
swiftly				
down				
the				
path	other_4	def-np.the	?OLD	
.			

--
# text = "Those shots must have told him that the game was up."
&quot;				
Those				
shots	SBJ	def-np.dem	?OLD	
must				
have				
told				
him	OBJ	pron.pper	?OLD	
that				
the				
game	SBJ_2	def-np.the	?OLD	
was				
up				
.				
&quot;			

--
# text = "We were some distance off, and this fog may have deadened them."
&quot;				
We	SBJ	pron.pper	?OLD	
were				
some				
distance				
off	other	indef-np.quant		
,				
and				
this				
fog	SBJ_2	def-np.dem	?OLD	
may				
have				
deadened				
them	OBJ_2	pron.pper	?OLD	
.				
&quot;			

--
# text = "He followed the hound to call him off—of that you may be certain.
&quot;				
He	SBJ	pron.pper	?OLD	
followed				
the				
hound	OBJ	def-np.the	?OLD	
to				
call				
him	OBJ_2	pron.pper	?OLD	
off				
—of	other_2	indef-np.bare		
that	OBJ_4			
you	SBJ_4	pron.pper	?OLD	
may				
be				
certain				
.			

# text = No, no, he's gone by this time!
No				
,				
no				
,				
he	SBJ	pron.pper	?OLD	
's				
gone				
by				
this				
time	other	def-np.dem	?OLD	
!			

--
# text = But we'll search the house and make sure."
But				
we	SBJ	pron.pper	?OLD	
'll				
search				
the				
house	OBJ	def-np.the	?OLD	
and				
make				
sure				
.				
&quot;			

# text = The front door was open, so we rushed in and hurried from room to room to the amazement of a doddering old manservant, who met us in the passage.
The				
front				
door	SBJ	def-np.the	?OLD	
was				
open				
,				
so				
we	SBJ_2	pron.pper	?OLD	
rushed				
in				
and				
hurried				
from				
room	other_3	indef-np.bare		
to				
room	other_4	indef-np.bare		
to				
the				
amazement	other_5	def-np.the	?OLD	
of				
a				
doddering				
old				
manservant	other_6	indef-np.a		
,				
who	SBJ_8			
met				
us	OBJ_8	pron.pper	?OLD	
in				
the				
passage	other_8	def-np.the	?OLD	
.			

# text = There was no light save in the dining-room, but Holmes caught up the lamp and left no corner of the house unexplored.
There				
was				
no				
light	SBJ_2	indef-np.quant		
save				
in				
the				
dining				
_				
room	other_2	def-np.the	?OLD	
,				
but				
Holmes	SBJ_2	ne	?OLD	
caught				
up				
the				
lamp	OBJ_2	def-np.the	?OLD	
and				
left				
no				
corner	OBJ_3	indef-np.quant		
of				
the				
house	other_4	def-np.the	?OLD	
unexplored				
.			

# text = No sign could we see of the man whom we were chasing.
No				
sign	OBJ	indef-np.quant		
could				
we	SBJ	pron.pper	?OLD	
see				
of				
the				
man	other	def-np.the	?OLD	
whom	OBJ_3			
we	SBJ_3	pron.pper	?OLD	
were				
chasing				
.			

# text = On the upper floor, however, one of the bedroom doors was locked.
On				
the				
upper				
floor	other	def-np.the	?OLD	
,				
however				
,				
one	SBJ			
of				
the				
bedroom				
doors	other_2	def-np.the	?OLD	
was				
locked				
.			

--
# text = "There's someone in here," cried Lestrade.
&quot;				
There				
's				
someone	SBJ	pron.pind		
in				
here	other_2	pron.padv	?OLD	
,				
&quot;				
cried				
Lestrade	OBJ_2	ne	?OLD	
.			

--
# text = "I can hear a movement.
&quot;				
I	SBJ	pron.pper	?OLD	
can				
hear				
a				
movement	OBJ	indef-np.a		
.			

--
# text = Open this door!\"
Open				
this				
door	OBJ	def-np.dem	?OLD	
!				
&quot;			

# text = A faint moaning and rustling came from within.
A	SBJ			
fai				
nt				
moaning				
and				
rustling	other	indef-np.bare		
came				
from				
within	other_2	indef-np.bare		
.			

# text = Holmes struck the door just over the lock with the flat of his foot and it flew open.
Holmes				
struck				
the				
door	OBJ	def-np.the	?OLD	
just				
over				
the				
lock	other	def-np.the	?OLD	
with				
the				
flat	other_2	def-np.poss	?OLD	
of				
his	other_4	pron.ppos	?OLD	
foot	other_3	def-np.poss	?OLD	
and				
it	SBJ_2	pron.pper	?OLD	
flew				
open				
.			

# text = Pistol in hand, we all three rushed into the room.
Pistol				
in				
hand	other	indef-np.bare		
,				
we	OBJ	pron.pper	?OLD	
all				
three				
rushed				
into				
the				
room	other_3	def-np.the	?OLD	
.			

# text = But there was no sign within it of that desperate and defiant villain whom we expected to see.
But				
there				
was				
no				
sign	SBJ	def-np.poss	?OLD	
within				
it	other_2	pron.pper	?OLD	
of				
that				
desperate				
and				
defiant				
villain	other_2	def-np.dem	?OLD	
whom	OBJ_4			
we	SBJ_4	pron.pper	?OLD	
expected				
to				
see				
.			

# text = Instead we were faced by an object so strange and so unexpected that we stood for a moment staring at it in amazement.
Instead				
we	SBJ	pron.pper	?OLD	
were				
faced				
by				
an				
object	other	indef-np.a		
so				
strange				
and				
so				
unexpected				
that				
we	SBJ_2	pron.pper	?OLD	
stood				
for				
a				
moment	other_2	indef-np.a		
staring				
at				
it	other_4	pron.pper	?OLD	
in				
amazement	other_4	indef-np.bare		
.			

# text = The room had been fashioned into a small museum, and the walls were lined by a number of glass-topped cases full of that collection of butterflies and moths the formation of which had been the relaxation of this complex and dangerous man.
The				
room	SBJ	def-np.the	?OLD	
had				
been				
fashioned				
into				
a				
small				
museum	other	indef-np.a		
,				
and				
the				
walls	SBJ_2	def-np.the	?OLD	
were				
lined				
by				
a				
number	other_2	indef-np.a		
of				
glass				
_				
topped				
cases	other_3	indef-np.bare		
full				
of				
that				
collection	other_5	def-np.dem	?OLD	
of				
butterflies	other_6	indef-np.bare		
and				
moths	other_7	indef-np.bare		
the				
formation	other_5	def-np.the	?OLD	
of				
which	SBJ_7			
had				
been				
the				
relaxation	other_6	def-np.poss	?OLD	
of				
this				
complex	other_7	def-np.dem	?OLD	
and				
dangerous				
man	other_8	indef-np.bare		
.			

# text = In the centre of this room there was an upright beam, which had been placed at some period as a support for the old worm-eaten baulk of timber which spanned the roof.
In				
the				
centre	other	def-np.poss	?OLD	
of				
this				
room	other_2	def-np.dem	?OLD	
there				
was				
an				
upright				
beam	SBJ	indef-np.a		
,				
which	SBJ_3			
had				
been				
placed				
at				
some				
period	other_3	indef-np.quant		
as				
a				
support	other_3	indef-np.a		
for				
the				
old				
worm	other_4	def-np.the	?OLD	
-eaten				
baulk	OBJ_5	indef-np.bare		
of				
timber	other_6	indef-np.bare		
which	SBJ_8			
spanned				
the				
roof	OBJ_8	def-np.the	?OLD	
.			

# text = To this post a figure was tied, so swathed and muffled in the sheets which had been used to secure it that one could not for the moment tell whether it was that of a man or a woman.
To				
this				
post	other	def-np.dem	?OLD	
a				
figure	SBJ	indef-np.a		
was				
tied				
,				
so				
swathed				
and				
muffled				
in				
the				
sheets	other_3	def-np.the	?OLD	
which	SBJ_5			
had				
been				
used				
to				
secure				
it	OBJ_6	pron.pper	?OLD	
that				
one	SBJ_7	def-np.dem	?OLD	
could				
not				
for				
the				
moment	other_7	def-np.the	?OLD	
tell				
whether				
it	SBJ_8	pron.pper	?OLD	
was				
that	other_7	pron.pds	?OLD	
of				
a				
man	other_8	indef-np.a		
or				
a				
woman	other_8	indef-np.a		
.			

# text = One towel passed round the throat and was secured at the back of the pillar.
One				
towel	other	indef-np.quant		
passed				
round				
the				
throat	other_2	def-np.the	?OLD	
and				
was				
secured				
at				
the				
back	other_2	def-np.the	?OLD	
of				
the				
pillar	other_3	def-np.the	?OLD	
.			

# text = Another covered the lower part of the face, and over it two dark eyes—eyes full of grief and shame and a dreadful questioning—stared back at us.
Another	SBJ			
covered				
the				
lower				
part	OBJ	def-np.the	?OLD	
of				
the				
face	other_2	def-np.the	?OLD	
,				
and				
over				
it	other	pron.pper	?OLD	
two				
dark				
eyes				
—eyes	other_2	indef-np.bare		
full				
of				
grief	other_4	indef-np.bare		
and				
shame	other_5	indef-np.bare		
and				
a				
dreadful	other_5	indef-np.a		
questioning				
—stared				
back				
at				
us	other_8	pron.pper	?OLD	
.			

# text = In a minute we had torn off the gag, unswathed the bonds, and Mrs.
In				
a				
minute	other	indef-np.a		
we	SBJ	pron.pper	?OLD	
had				
torn				
off				
the				
gag	OBJ	def-np.the	?OLD	
,				
unswathed				
the				
bonds	OBJ_2	def-np.the	?OLD	
,				
and				
Mrs.	other	ne	?OLD

# text = Stapleton sank upon the floor in front of us.
Stapleton	SBJ	ne	?OLD	
sank				
upon				
the				
floor	other	def-np.the	?OLD	
in				
front	other	def-np.poss	?OLD	
of				
us	other_2	pron.pper	?OLD	
.			

# text = As her beautiful head fell upon her chest I saw the clear red weal of a whiplash across her neck.
As				
her	other_2	pron.ppos	?OLD	
beautiful				
head	SBJ	def-np.poss	?OLD	
fell				
upon				
her	other_2	pron.ppos	?OLD	
chest	other	def-np.poss	?OLD	
I	SBJ_2	pron.pper	?OLD	
saw				
the				
clear				
red				
weal	OBJ_2	def-np.the	?OLD	
of				
a				
whiplash	other_3	indef-np.a		
across				
her	other_5	pron.ppos	?OLD	
neck	other_4	def-np.poss	?OLD	
.			

--
# text = "The brute!" cried Holmes.
&quot;				
The				
brute	SBJ	def-np.the	?OLD	
!				
&quot;				
cried				
Holmes	OBJ	ne	?OLD	
.			

--
# text = "Here, Lestrade, your brandy-bottle!
&quot;				
Here	other	pron.padv	?OLD	
,				
Lestrade	other	ne	?OLD	
,				
your	other_2	pron.ppos	?OLD	
brandy				
_				
bottle	other	def-np.poss	?OLD	
!			

# text = Put her in the chair!
Put				
her	OBJ	pron.pper	?OLD	
in				
the				
chair	other	def-np.the	?OLD	
!			

--
# text = She has fainted from ill-usage and exhaustion."
She	SBJ	pron.pper	?OLD	
has				
fainted				
from				
ill				
_				
usage	other	indef-np.bare		
and				
exhaustion	other_2	indef-np.bare		
.				
&quot;			

# text = She opened her eyes again.
She	SBJ	pron.pper	?OLD	
opened				
her	OBJ	pron.pper	?OLD	
eyes	OBJ	indef-np.bare		
again				
.			

--
# text = "Is he safe?" she asked.
&quot;				
Is				
he	SBJ_2	pron.pper	?OLD	
safe				
?				
&quot;				
she	SBJ	pron.pper	?OLD	
asked				
.			

--
# text = \"Has he escaped?\"
&quot;				
Has				
he	SBJ	pron.pper	?OLD	
escaped				
?				
&quot;			

--
# text = "He cannot escape us, madam."
&quot;				
He	SBJ	pron.pper	?OLD	
can				
not				
escape				
us	OBJ	pron.pper	?OLD	
,				
madam	other_2	indef-np.bare		
.				
&quot;			

--
# text = "No, no, I did not mean my husband.
&quot;				
No				
,				
no				
,				
I	SBJ	pron.pper	?OLD	
did				
not				
mean				
my	other_2	pron.ppos	?OLD	
husband	OBJ	def-np.poss	?OLD	
.			

# text = Sir Henry?
Sir	other	ne	?OLD	
Henry				
?			

--
# text = Is he safe?"
Is				
he	SBJ	pron.pper	?OLD	
safe				
?				
&quot;			

--
# text = "Yes."
&quot;				
Yes				
.				
&quot;			

--
# text = "And the hound?"
&quot;				
And				
the				
hound	other	def-np.the	?OLD	
?				
&quot;			

--
# text = \"It is dead.\"
&quot;				
It	SBJ	pron.pper	?OLD	
is				
dead				
.				
&quot;			

# text = She gave a long sigh of satisfaction.
She	SBJ	pron.pper	?OLD	
gave				
a				
long				
sigh	OBJ	indef-np.a		
of				
satisfaction	other_2	indef-np.bare		
.			

--
# text = "Thank God!
&quot;				
Thank				
God	OBJ	ne	?OLD	
!			

# text = Thank God!
Thank				
God	OBJ	ne	?OLD	
!			

# text = Oh, this villain!
Oh				
,				
this				
villain	other	def-np.dem	?OLD	
!			

--
# text = See how he has treated me!"
See				
how				
he	SBJ_2	pron.pper	?OLD	
has				
treated				
me	OBJ_2	pron.pper	?OLD	
!				
&quot;			

# text = She shot her arms out from her sleeves, and we saw with horror that they were all mottled with bruises.
She	SBJ	pron.pper	?OLD	
shot				
her	other_2	pron.ppos	?OLD	
arms	OBJ	def-np.poss	?OLD	
out				
from				
her	other_2	pron.ppos	?OLD	
sleeves	other	def-np.poss	?OLD	
,				
and				
we	SBJ_2	pron.pper	?OLD	
saw				
with				
horror	other_2	indef-np.bare		
that				
they	SBJ_3	pron.pper	?OLD	
were				
all				
mottled				
with				
bruises	other_3	indef-np.bare		
.			

--
# text = "But this is nothing—nothing!
&quot;				
But				
this	SBJ	pron.pds	?OLD	
is				
nothing	other	pron	?OLD	
—nothing				
!			

# text = It is my mind and soul that he has tortured and defiled.
It	SBJ	pron.pper	?OLD	
is				
my	other	pron.ppos	?OLD	
mind	other	def-np.poss	?OLD	
and				
soul				
that				
he	SBJ_3	pron.pper	?OLD	
has				
tortured				
and				
defiled				
.			

--
# text = I could endure it all, ill-usage, solitude, a life of deception, everything, as long as I could still cling to the hope that I had his love, but now I know that in this also I have been his dupe and his tool.\"
I	SBJ	pron.pper	?OLD	
could				
endure				
it	OBJ	pron.pper	?OLD	
all				
,				
ill				
_				
usage	other_2	indef-np.bare		
,				
solitude	other_2	indef-np.bare		
,				
a				
life	other_2	indef-np.a		
of				
deception	other_3	indef-np.bare		
,				
everything	other_2	pron	?OLD	
,				
as				
long				
as				
I	SBJ_4	pron.pper	?OLD	
could				
still				
cling				
to				
the				
hope	other_4	def-np.the	?OLD	
that	OBJ_6			
I	SBJ_6	pron.pper	?OLD	
had				
his	other_7	pron.ppos	?OLD	
love	OBJ_6	def-np.poss	?OLD	
,				
but				
now				
I	SBJ_7	pron.pper	?OLD	
know				
that				
in				
this	other_8	pron.pds	?OLD	
also				
I	SBJ_8	pron.pper	?OLD	
have				
been				
his	other_8	pron.ppos	?OLD	
dupe	other_7	def-np.poss	?OLD	
and				
his	other_9	pron.ppos	?OLD	
tool	other_8	def-np.poss	?OLD	
.				
&quot;			

# text = She broke into passionate sobbing as she spoke.
She	SBJ	pron.pper	?OLD	
broke				
into				
passionate	other	indef-np.bare		
sobbing				
as				
she	SBJ_3	pron.pper	?OLD	
spoke				
.			

--
# text = \"You bear him no good will, madam,\" said Holmes.
&quot;				
You	SBJ_2	pron.pper	?OLD	
bear				
him	OBJ_2	pron.pper	?OLD	
no				
good				
will	other_2	indef-np.quant		
,				
madam	other_3	indef-np.bare		
,				
&quot;				
said				
Holmes	SBJ	ne	?OLD	
.			

--
# text = "Tell us then where we shall find him.
&quot;				
Tell				
us	OBJ	pron.pper	?OLD	
then				
where				
we	SBJ_2	pron.pper	?OLD	
shall				
find				
him	OBJ_2	pron.pper	?OLD	
.			

--
# text = If you have ever aided him in evil, help us now and so atone."
If				
you	SBJ_2	pron.pper	?OLD	
have				
ever				
aided				
him	OBJ_2	pron.pper	?OLD	
in				
evil	other_2	indef-np.bare		
,				
help				
us	OBJ	pron.pper	?OLD	
now				
and				
so				
atone				
.				
&quot;			

--
# text = \"There is but one place where he can have fled,\" she answered.
&quot;				
There				
is				
but				
one				
place	SBJ	indef-np.quant		
where				
he	SBJ_3	pron.pper	?OLD	
can				
have				
fled				
,				
&quot;				
she	SBJ_2	pron.pper	?OLD	
answered				
.			

--
# text = \"There is an old tin mine on an island in the heart of the mire.
&quot;				
There				
is				
an				
old				
tin	SBJ	indef-np.a		
mine	OBJ_2	pron	?OLD	
on				
an				
island	other_2	indef-np.a		
in				
the				
heart	other_3	def-np.the	?OLD	
of				
the				
mire	other_4	def-np.the	?OLD	
.			

# text = It was there that he kept his hound and there also he had made preparations so that he might have a refuge.
It	SBJ	pron.pper	?OLD	
was				
there	other	pron.padv	?OLD	
that				
he	SBJ_2	pron.pper	?OLD	
kept				
his	other_3	pron.ppos	?OLD	
hound	OBJ_2	def-np.poss	?OLD	
and				
there				
also				
he	SBJ_3	pron.pper	?OLD	
had				
made				
preparations	OBJ_3	indef-np.bare		
so				
that				
he	SBJ_4	pron.pper	?OLD	
might				
have				
a				
refuge	OBJ_4	indef-np.a		
.			

--
# text = That is where he would fly.\"
That	SBJ	pron.pds	?OLD	
is				
where	other	pron.pint		
he	SBJ_2	pron.pper	?OLD	
would				
fly				
.				
&quot;			

# text = The fog-bank lay like white wool against the window.
The				
fog				
_				
bank	SBJ	def-np.the	?OLD	
lay				
like				
white				
wool	other	indef-np.bare		
against				
the				
window	other_2	def-np.the	?OLD	
.			

# text = Holmes held the lamp towards it.
Holmes				
held				
the				
lamp	OBJ	def-np.the	?OLD	
towards				
it	other	pron.pper	?OLD	
.			

--
# text = "See," said he.
&quot;				
See				
,				
&quot;				
said				
he	SBJ	pron.pper	?OLD	
.			

--
# text = "No one could find his way into the Grimpen Mire to-night."
&quot;				
No				
one	SBJ	indef-np.quant		
could				
find				
his	other_2	pron.ppos	?OLD	
way	OBJ	def-np.poss	?OLD	
into				
the				
Grimpen				
Mire	other	ne	?OLD	
to				
_				
night	other	indef-np.bare		
.				
&quot;			

# text = She laughed and clapped her hands.
She	SBJ	pron.pper	?OLD	
laughed				
and				
clapped				
her	other_3	pron.ppos	?OLD	
hands	OBJ_2	def-np.poss	?OLD	
.			

# text = Her eyes and teeth gleamed with fierce merriment.
Her	other	pron.ppos	?OLD	
eyes	other	def-np.poss	?OLD	
and				
teeth	other	indef-np.bare		
gleamed				
with				
fierce				
merriment	other_2	indef-np.bare		
.			

--
# text = \"He may find his way in, but never out,\" she cried.
&quot;				
He	SBJ	pron.pper	?OLD	
may				
find				
his	other_2	pron.ppos	?OLD	
way	OBJ	def-np.poss	?OLD	
in				
,				
but				
never				
out				
,				
&quot;				
she	SBJ_2	pron.pper	?OLD	
cried				
.			

--
# text = "How can he see the guiding wands to-night?
&quot;				
How				
can				
he	SBJ	pron.pper	?OLD	
see				
the				
guiding	SBJ_2	def-np.the	?OLD	
wands				
to				
_				
night	other_2	indef-np.bare		
?			

# text = We planted them together, he and I, to mark the pathway through the mire.
We	SBJ	pron.pper	?OLD	
planted				
them	OBJ	pron.pper	?OLD	
together				
,				
he	other	pron.pper	?OLD	
and				
I	other_2	pron.pper	?OLD	
,				
to				
mark				
the				
pathway	OBJ_3	def-np.the	?OLD	
through				
the				
mire	other_3	def-np.the	?OLD	
.			

# text = Oh, if I could only have plucked them out to-day.
Oh				
,				
if				
I	SBJ	pron.pper	?OLD	
could				
only				
have				
plucked				
them	OBJ	pron.pper	?OLD	
out				
to				
_				
day	other	indef-np.bare		
.			

--
# text = Then indeed you would have had him at your mercy!\"
Then				
indeed				
you	SBJ	pron.pper	?OLD	
would				
have				
had				
him	OBJ	pron.pper	?OLD	
at				
your	other_2	pron.ppos	?OLD	
mercy	other	def-np.poss	?OLD	
!				
&quot;			

# text = It was evident to us that all pursuit was in vain until the fog had lifted.
It				
was				
evident				
to				
us	other	pron.pper	?OLD	
that				
all				
pursuit	SBJ_2	indef-np.a		
was				
in				
vain				
until				
the				
fog	other_2	def-np.the	?OLD	
had				
lifted				
.			

# text = Meanwhile we left Lestrade in possession of the house while Holmes and I went back with the baronet to Baskerville Hall.
Meanwhile				
we	SBJ	pron.pper	?OLD	
left				
Lestrade	OBJ	ne	?OLD	
in				
possession	other	indef-np.bare		
of				
the				
house	other_2	def-np.the	?OLD	
while				
Holmes	SBJ_2	ne	?OLD	
and				
I	other_3	pron.pper	?OLD	
went				
back				
with				
the				
baronet	other_2	def-np.the	?OLD	
to				
Baskerville				
Hall	other_3	ne	?OLD	
.			

# text = The story of the Stapletons could no longer be withheld from him, but he took the blow bravely when he learned the truth about the woman whom he had loved.
The				
story	SBJ	def-np.poss	?OLD	
of				
the				
Stapletons	other_2	ne	?OLD	
could				
no				
longer				
be				
withheld				
from				
him	other	pron.pper	?OLD	
,				
but				
he	SBJ_2	pron.pper	?OLD	
took				
the				
blow	OBJ_2	def-np.the	?OLD	
bravely				
when				
he	SBJ_3	pron.pper	?OLD	
learned				
the				
truth	OBJ_3	def-np.the	?OLD	
about				
the				
woman	other_4	def-np.the	?OLD	
whom	OBJ_6			
he	SBJ_6	pron.pper	?OLD	
had				
loved				
.			

# text = But the shock of the night's adventures had shattered his nerves, and before morning he lay delirious in a high fever, under the care of Dr. Mortimer.
But				
the				
shock	SBJ	def-np.poss	?OLD	
of				
the				
night	other_3	def-np.the	?OLD	
's				
adventures	other_2	def-np.poss	?OLD	
had				
shattered				
his	other_2	pron.ppos	?OLD	
nerves	OBJ	def-np.poss	?OLD	
,				
and				
before				
morning	other_2	indef-np.bare		
he	SBJ_2	pron.pper	?OLD	
lay				
delirious				
in				
a				
high				
fever	other_3	indef-np.a		
,				
under				
the				
care	other_3	def-np.poss	?OLD	
of				
Dr.	other_4	ne	?OLD	
Mortimer				
.			

# text = The two of them were destined to travel together round the world before Sir Henry had become once more the hale, hearty man that he had been before he became master of that ill-omened estate.
The				
two	SBJ	def-np.poss	?OLD	
of				
them	other_2	pron.pper	?OLD	
were				
destined				
to				
travel				
together				
round				
the				
world	other_2	def-np.the	?OLD	
before				
Sir	other_3	ne	?OLD	
Henry				
had				
become				
once				
more				
the				
hale				
,				
hearty				
man	other_2	def-np.the	?OLD	
that				
he	SBJ_5	pron.pper	?OLD	
had				
been				
before				
he	SBJ_4	pron.pper	?OLD	
became				
master	OBJ_4	def-np.poss	?OLD	
of				
that				
ill				
_				
omened				
estate	other_5	def-np.dem	?OLD	
.			

# text = And now I come rapidly to the conclusion of this singular narrative, in which I have tried to make the reader share those dark fears and vague surmises which clouded our lives so long and ended in so tragic a manner.
And				
now				
I	SBJ	pron.pper	?OLD	
come				
rapidly				
to				
the				
conclusion	other	def-np.poss	?OLD	
of				
this				
singular				
narrative	other_2	def-np.dem	?OLD	
,				
in				
which				
I	SBJ_2	pron.pper	?OLD	
have				
tried				
to				
make				
the				
reader				
share	OBJ_3	def-np.the	?OLD	
those				
dark				
fears	OBJ_3	def-np.dem	?OLD	
and				
vague				
surmises	other_4	indef-np.bare		
which	SBJ_6			
clouded				
our	other_7	pron.ppos	?OLD	
lives	OBJ_6	def-np.poss	?OLD	
so				
long				
and				
ended				
in				
so				
tragic				
a				
manner	OBJ_7	indef-np.a		
.			

# text = On the morning after the death of the hound the fog had lifted and we were guided by Mrs. Stapleton to the point where they had found a pathway through the bog.
On				
the				
morning	other	def-np.the	?OLD	
after				
the				
death	other_2	def-np.the	?OLD	
of				
the				
hound	other_3	def-np.the	?OLD	
the				
fog	SBJ	def-np.the	?OLD	
had				
lifted				
and				
we	SBJ_2	pron.pper	?OLD	
were				
guided				
by				
Mrs.	other_2	ne	?OLD	
Stapleton				
to				
the				
point	other_2	def-np.the	?OLD	
where				
they	SBJ_4	pron.pper	?OLD	
had				
found				
a				
pathway	OBJ_4	indef-np.a		
through				
the				
bog	other_4	def-np.the	?OLD	
.			

# text = It helped us to realize the horror of this woman's life when we saw the eagerness and joy with which she laid us on her husband's track.
It	SBJ	pron.pper	?OLD	
helped				
us	OBJ	pron.pper	?OLD	
to				
realize				
the				
horror	OBJ_2	def-np.poss	?OLD	
of				
this				
woman	other_4	def-np.dem	?OLD	
's				
life	other_3	def-np.poss	?OLD	
when				
we	SBJ_3	pron.pper	?OLD	
saw				
the				
eagerness	OBJ_3	def-np.the	?OLD	
and				
joy	other_4	indef-np.bare		
with				
which				
she	SBJ_4	pron.pper	?OLD	
laid				
us	OBJ_4	pron.pper	?OLD	
on				
her	other_6	pron.ppos	?OLD	
husband	other_5	def-np.poss	?OLD	
's				
track	other_4	def-np.poss	?OLD	
.			

# text = We left her standing upon the thin peninsula of firm, peaty soil which tapered out into the widespread bog.
We	SBJ	pron.pper	?OLD	
left				
her	OBJ	pron.pper	?OLD	
standing				
upon				
the				
thin				
peninsula	other_2	def-np.the	?OLD	
of				
firm	other_3	indef-np.bare		
,				
peaty				
soil	other_3	indef-np.bare		
which	SBJ_5			
tapered				
out				
into				
the				
widespread				
bog	other_5	def-np.the	?OLD	
.			

# text = From the end of it a small wand planted here and there showed where the path zigzagged from tuft to tuft of rushes among those green-scummed pits and foul quagmires which barred the way to the stranger.
From				
the				
end	other	def-np.poss	?OLD	
of				
it	other_2	pron.pper	?OLD	
a				
small				
wand	other	indef-np.a		
planted				
here				
and				
there				
showed				
where				
the				
path	SBJ_3	def-np.the	?OLD	
zigzagged				
from				
tuft	other_5	indef-np.bare		
to				
tuft	other_5	indef-np.bare		
of				
rushes	other_6	indef-np.bare		
among				
those				
green				
_				
scummed				
pits	other_4	def-np.dem	?OLD	
and				
foul				
quagmires	other_5	indef-np.bare		
which	SBJ_7			
barred				
the				
way	OBJ_7	def-np.the	?OLD	
to				
the				
stranger	other_7	def-np.the	?OLD	
.			

# text = Rank reeds and lush, slimy water-plants sent an odour of decay and a heavy miasmatic vapour onto our faces, while a false step plunged us more than once thigh-deep into the dark, quivering mire, which shook for yards in soft undulations around our feet.
Rank				
reeds	OBJ	indef-np.bare		
and				
lush				
,				
slimy				
water				
_				
plants	other_2	indef-np.bare		
sent				
an				
odour	OBJ_4	indef-np.a		
of				
decay	other_5	indef-np.bare		
and				
a				
heavy				
miasmatic				
vapour	other_5	indef-np.a		
onto				
our	other_7	pron.ppos	?OLD	
faces	other_6	def-np.poss	?OLD	
,				
while				
a				
false				
step	SBJ_2	indef-np.a		
plunged				
us	OBJ_2	pron.pper	?OLD	
more				
than				
once				
thigh				
_				
deep				
into				
the				
dark	other_5	def-np.the	?OLD	
,				
quivering				
mire	other_3	indef-np.bare		
,				
which	SBJ_5			
shook				
for				
yards	other_5	indef-np.bare		
in				
soft				
undulations	other_6	indef-np.bare		
around				
our	other_8	pron.ppos	?OLD	
feet	other_7	def-np.poss	?OLD	
.			

# text = Its tenacious grip plucked at our heels as we walked, and when we sank into it it was as if some malignant hand was tugging us down into those obscene depths, so grim and purposeful was the clutch in which it held us.
It	SBJ	pron.pper	?OLD	
s				
tenacious				
grip	other	indef-np.bare		
plucked				
at				
our	other_3	pron.ppos	?OLD	
heels	other_2	def-np.poss	?OLD	
as				
we	SBJ_2	pron.pper	?OLD	
walked				
,				
and				
when				
we	SBJ_3	pron.pper	?OLD	
sank				
into				
it	other_3	pron.pper	?OLD	
it	SBJ_2	pron.pper	?OLD	
was				
as				
if				
some				
malignant				
hand	SBJ_5	indef-np.quant		
was				
tugging				
us	OBJ_5	pron.pper	?OLD	
down				
into				
those				
obscene				
depths	other_5	def-np.dem	?OLD	
,				
so				
grim	SBJ_3			
and				
purposeful				
was				
the				
clutch	other_2	def-np.the	?OLD	
in				
which				
it	SBJ_4	pron.pper	?OLD	
held				
us	OBJ_4	pron.pper	?OLD	
.			

# text = Once only we saw a trace that someone had passed that perilous way before us.
Once				
only				
we	SBJ	pron.pper	?OLD	
saw				
a				
trace	OBJ	indef-np.a		
that				
someone	SBJ_3	pron.pind		
had				
passed				
that				
perilous				
way	OBJ_3	def-np.dem	?OLD	
before				
us	other_3	pron.pper	?OLD	
.			

# text = From amid a tuft of cotton grass which bore it up out of the slime some dark thing was projecting.
From				
amid				
a				
tuft	other	indef-np.a		
of				
cotton				
grass	other_2	indef-np.bare		
which	SBJ_4			
bore				
it	OBJ_4	pron.pper	?OLD	
up				
out				
of				
the				
slime	other_4	def-np.the	?OLD	
some				
dark				
thing	SBJ_6	indef-np.quant		
was				
projecting				
.			

# text = Holmes sank to his waist as he stepped from the path to seize it, and had we not been there to drag him out he could never have set his foot upon firm land again.
Holmes	SBJ	ne	?OLD	
sank				
to				
his	other_2	pron.ppos	?OLD	
waist	other	def-np.poss	?OLD	
as				
he	SBJ_2	pron.pper	?OLD	
stepped				
from				
the				
path	other_2	def-np.the	?OLD	
to				
seize				
it	OBJ_3	pron.pper	?OLD	
,				
and				
had				
we	SBJ_2	pron.pper	?OLD	
not				
been				
there	other	pron.padv	?OLD	
to				
drag				
him	OBJ_3	pron.pper	?OLD	
out				
he	SBJ_4	pron.pper	?OLD	
could				
never				
have				
set				
his	other_5	pron.ppos	?OLD	
foot	OBJ_4	def-np.poss	?OLD	
upon				
firm				
land	other_4	indef-np.bare		
again				
.			

# text = He held an old black boot in the air.
He	SBJ	pron.pper	?OLD	
held				
an				
old				
black				
boot	OBJ	indef-np.a		
in				
the				
air	other	def-np.the	?OLD	
.			

--
# text = \"Meyers, Toronto,\" was printed on the leather inside.
&quot;				
Meyers	SBJ	indef-np.bare		
,				
Toronto	other_2	ne	?OLD	
,				
&quot;				
was				
printed				
on				
the				
leather	other	def-np.the	?OLD	
inside				
.			

--
# text = \"It is worth a mud bath,\" said he.
&quot;				
It	SBJ_2	pron.pper	?OLD	
is				
worth				
a				
mud				
bath	OBJ_2	indef-np.a		
,				
&quot;				
said				
he	SBJ	pron.pper	?OLD	
.			

--
# text = \"It is our friend Sir Henry's missing boot.\"
&quot;				
It				
is				
our	other_3	pron.ppos	?OLD	
friend	other_2	def-np.poss	?OLD	
Sir	other_3	ne	?OLD	
Henry				
's				
missing				
boot	SBJ	def-np.poss	?OLD	
.				
&quot;			

--
# text = \"Thrown there by Stapleton in his flight.\"
&quot;				
Thrown				
there				
by				
Stapleton	other	ne	?OLD	
in				
his	other_3	pron.ppos	?OLD	
flight	other_2	def-np.poss	?OLD	
.				
&quot;			

--
# text = \"Exactly.
&quot;				
Exactly				
.			

# text = He retained it in his hand after using it to set the hound upon the track.
He	SBJ	pron.pper	?OLD	
retained				
it	OBJ	pron.pper	?OLD	
in				
his	other_2	pron.ppos	?OLD	
hand	other	def-np.poss	?OLD	
after				
using				
it	OBJ_2	pron.pper	?OLD	
to				
set				
the				
hound	OBJ_3	def-np.the	?OLD	
upon				
the				
track	other_3	def-np.the	?OLD	
.			

# text = He fled when he knew the game was up, still clutching it.
He	SBJ	pron.pper	?OLD	
fled				
when				
he	SBJ_2	pron.pper	?OLD	
knew				
the				
game	SBJ_3	def-np.the	?OLD	
was				
up				
,				
still				
clutching				
it	OBJ_2	pron.pper	?OLD	
.			

# text = And he hurled it away at this point of his flight.
And				
he	SBJ	pron.pper	?OLD	
hurled				
it	OBJ	pron.pper	?OLD	
away				
at				
this				
point	other	def-np.dem	?OLD	
of				
his	other_3	pron.ppos	?OLD	
flight	other_2	def-np.poss	?OLD	
.			

--
# text = We know at least that he came so far in safety.\"
We	SBJ	pron.pper	?OLD	
know				
at				
least				
that				
he	SBJ_2	pron.pper	?OLD	
came				
so				
far				
in				
safety	other_2	indef-np.bare		
.				
&quot;			

# text = But more than that we were never destined to know, though there was much which we might surmise.
But				
more				
than				
that				
we	SBJ_2	pron.pper	?OLD	
were				
never				
destined				
to				
know				
,				
though				
there				
was				
much				
which	OBJ_3			
we	SBJ_3	pron.pper	?OLD	
might				
surmise				
.			

# text = There was no chance of finding footsteps in the mire, for the rising mud oozed swiftly in upon them, but as we at last reached firmer ground beyond the morass we all looked eagerly for them.
There				
was				
no				
chance	SBJ	indef-np.quant		
of				
finding				
footsteps	OBJ_3	indef-np.bare		
in				
the				
mire	other_3	def-np.the	?OLD	
,				
for				
the				
rising				
mud	SBJ_2	def-np.the	?OLD	
oozed				
swiftly				
in				
upon				
them	other_2	pron.pper	?OLD	
,				
but				
as				
we	SBJ_2	pron.pper	?OLD	
at				
last				
reached				
firmer				
ground	other_3	indef-np.bare		
beyond				
the				
morass	other_4	def-np.the	?OLD	
we	SBJ_2	pron.pper	?OLD	
all				
looked				
eagerly				
for				
them	other_2	pron.pper	?OLD	
.			

# text = But no slightest sign of them ever met our eyes.
But				
no				
slightest				
sign	SBJ	def-np.poss	?OLD	
of				
them	other_2	pron.pper	?OLD	
ever				
met				
our	other_2	pron.ppos	?OLD	
eyes	OBJ	def-np.poss	?OLD	
.			

# text = If the earth told a true story, then Stapleton never reached that island of refuge towards which he struggled through the fog upon that last night.
If				
the				
earth	SBJ_2	def-np.the	?OLD	
told				
a				
true				
story	OBJ_2	indef-np.a		
,				
then				
Stapleton	SBJ	ne	?OLD	
never				
reached				
that				
island	OBJ	def-np.dem	?OLD	
of				
refuge				
towards	other_2	indef-np.bare		
which	OBJ_4			
he	SBJ_4	pron.pper	?OLD	
struggled				
through				
the				
fog	other_4	def-np.the	?OLD	
upon				
that				
last				
night	other_4	def-np.dem	?OLD	
.			

# text = Somewhere in the heart of the great Grimpen Mire, down in the foul slime of the huge morass which had sucked him in, this cold and cruel-hearted man is forever buried.
Somewhere				
in				
the				
heart	other_2	def-np.poss	?OLD	
of				
the				
great				
Grimpen				
Mire	other_3	ne	?OLD	
,				
down				
in				
the				
foul				
slime	other_2	def-np.the	?OLD	
of				
the				
huge				
morass	other_3	def-np.the	?OLD	
which	SBJ_5			
had				
sucked				
him	OBJ_5	pron.pper	?OLD	
in				
,				
this				
cold				
and				
cruel				
_				
hearted				
man	SBJ	def-np.dem	?OLD	
is				
forever				
buried				
.			

# text = Many traces we found of him in the bog-girt island where he had hid his savage ally.
Many				
traces	other	indef-np.quant		
we	SBJ_2	pron.pper	?OLD	
found				
of				
him	other_2	pron.pper	?OLD	
in				
the				
bog				
_				
girt				
island	other_2	def-np.the	?OLD	
where				
he	SBJ_4	pron.pper	?OLD	
had				
hid				
his	other_5	pron.ppos	?OLD	
savage	OBJ_4	def-np.poss	?OLD	
ally				
.			

# text = A huge driving-wheel and a shaft half-filled with rubbish showed the position of an abandoned mine.
A				
huge				
driving				
_				
wheel	SBJ	indef-np.a		
and				
a				
shaft				
half	other_2	indef-np.a		
_				
filled				
with				
rubbish	other_3	indef-np.bare		
showed				
the				
position	OBJ	def-np.poss	?OLD	
of				
an				
abandoned				
mine	other_2	pron	?OLD	
.			

# text = Beside it were the crumbling remains of the cottages of the miners, driven away no doubt by the foul reek of the surrounding swamp.
Beside				
it	SBJ	pron.pper	?OLD	
were				
the				
crumbling				
remains	other	def-np.the	?OLD	
of				
the				
cottages	other	def-np.the	?OLD	
of				
the				
miners	other_2	def-np.the	?OLD	
,				
driven				
away				
no				
doubt	OBJ_2	indef-np.quant		
by				
the				
foul				
reek	other_3	def-np.the	?OLD	
of				
the				
surrounding				
swamp	other_4	def-np.the	?OLD	
.			

# text = In one of these a staple and chain with a quantity of gnawed bones showed where the animal had been confined.
In				
one	other	def-np.poss	?OLD	
of				
these				
a				
staple	other_2	def-np.dem	?OLD	
and				
chain	other_3	indef-np.bare		
with				
a				
quantity	other_3	indef-np.a		
of				
gnawed				
bones	other_4	indef-np.bare		
showed				
where				
the				
animal	SBJ_2	def-np.the	?OLD	
had				
been				
confined				
.			

# text = A skeleton with a tangle of brown hair adhering to it lay among the debris.
A				
skeleton	other	indef-np.a		
with				
a				
tangle	other	indef-np.a		
of				
brown				
hair	other_2	indef-np.bare		
adhering				
to				
it	SBJ_5	pron.pper	?OLD	
lay				
among				
the				
debris	other_5	def-np.the	?OLD	
.			

--
# text = \"A dog!\" said Holmes.
&quot;				
A				
dog	SBJ	indef-np.a		
!				
&quot;				
said				
Holmes	SBJ	ne	?OLD	
.			

--
# text = "By Jove, a curly-haired spaniel.
&quot;				
By				
Jove	other	ne	?OLD	
,				
a				
curly				
_				
haired				
spaniel	other	indef-np.a		
.			

# text = Poor Mortimer will never see his pet again.
Poor				
Mortimer	SBJ	indef-np.bare		
will				
never				
see				
his	other_2	pron.ppos	?OLD	
pet	OBJ	def-np.poss	?OLD	
again				
.			

# text = Well, I do not know that this place contains any secret which we have not already fathomed.
Well				
,				
I	SBJ	pron.pper	?OLD	
do				
not				
know				
that				
this				
place	SBJ_2	def-np.dem	?OLD	
contains				
any				
secret	OBJ_2	indef-np.a		
which	OBJ_4			
we	SBJ_4	pron.pper	?OLD	
have				
not				
already				
fathomed				
.			

# text = He could hide his hound, but he could not hush its voice, and hence came those cries which even in daylight were not pleasant to hear.
He	SBJ	pron.pper	?OLD	
could				
hide				
his	other_2	pron.ppos	?OLD	
hound	OBJ	def-np.poss	?OLD	
,				
but				
he	SBJ_2	pron.pper	?OLD	
could				
not				
hush				
it	OBJ_2	pron.pper	?OLD	
s				
voice	OBJ_2	indef-np.bare		
,				
and				
hence				
came				
those				
cries	SBJ_5	def-np.dem	?OLD	
which	SBJ_7			
even				
in				
daylight	other_6	indef-np.bare		
were				
not				
pleasant				
to				
hear				
.			

# text = On an emergency he could keep the hound in the out-house at Merripit, but it was always a risk, and it was only on the supreme day, which he regarded as the end of all his efforts, that he dared do it.
On				
an				
emergency	other	indef-np.a		
he	SBJ	pron.pper	?OLD	
could				
keep				
the				
hound	OBJ	def-np.the	?OLD	
in				
the				
out				
_				
house	other	def-np.the	?OLD	
at				
Merripit	other_2	ne	?OLD	
,				
but				
it	SBJ_2	pron.pper	?OLD	
was				
always				
a				
risk	other	indef-np.a		
,				
and				
it	SBJ_2	pron.pper	?OLD	
was				
only				
on				
the				
supreme				
day	other	def-np.the	?OLD	
,				
which	OBJ_3			
he	SBJ_3	pron.pper	?OLD	
regarded				
as				
the				
end	other_3	def-np.poss	?OLD	
of				
all				
his	other_5	pron.ppos	?OLD	
efforts	other_4	def-np.poss	?OLD	
,				
that				
he	SBJ_2	pron.pper	?OLD	
dared				
do				
it	OBJ_3	pron.pper	?OLD	
.			

# text = This paste in the tin is no doubt the luminous mixture with which the creature was daubed.
This				
paste	SBJ	def-np.dem	?OLD	
in				
the				
tin	other_2	def-np.the	?OLD	
is				
no				
doubt				
the				
luminous				
mixture	other	def-np.the	?OLD	
with				
which				
the				
creature	SBJ_2	def-np.the	?OLD	
was				
daubed				
.			

# text = It was suggested, of course, by the story of the family hell-hound, and by the desire to frighten old Sir Charles to death.
It	SBJ	pron.pper	?OLD	
was				
suggested				
,				
of				
course				
,				
by				
the				
story	other	def-np.the	?OLD	
of				
the				
family				
hell				
_				
hound	other_2	def-np.the	?OLD	
,				
and				
by				
the				
desire	other_3	def-np.the	?OLD	
to				
frighten				
old				
Sir				
Charles	OBJ_5	indef-np.bare		
to				
death	other_5	indef-np.bare		
.			

# text = No wonder the poor devil of a convict ran and screamed, even as our friend did, and as we ourselves might have done, when he saw such a creature bounding through the darkness of the moor upon his track.
No				
wonder				
the				
poor				
devil	OBJ	def-np.the	?OLD	
of				
a				
convict	other_2	indef-np.a		
ran				
and				
screamed				
,				
even				
as				
our	other_3	pron.ppos	?OLD	
friend	SBJ_2	def-np.poss	?OLD	
did				
,				
and				
as				
we	SBJ_3	pron.pper	?OLD	
ourselves	SBJ_3	pron.pper	?OLD	
might				
have				
done				
,				
when				
he	SBJ_2	pron.pper	?OLD	
saw				
such				
a				
creature	OBJ_2	pron.pds		
bounding				
through				
the				
darkness	other_4	def-np.the	?OLD	
of				
the				
moor	other_5	def-np.the	?OLD	
upon				
his	other_5	pron.ppos	?OLD	
track	other_4	def-np.poss	?OLD	
.			

# text = It was a cunning device, for, apart from the chance of driving your victim to his death, what peasant would venture to inquire too closely into such a creature should he get sight of it, as many have done, upon the moor?
It	SBJ	pron.pper	?OLD	
was				
a				
cunning				
device	other	indef-np.a		
,				
for				
,				
apart				
from				
the				
chance	other	def-np.the	?OLD	
of				
driving				
your	other_4	pron.ppos	?OLD	
victim	OBJ_3	def-np.poss	?OLD	
to				
his	other_4	pron.ppos	?OLD	
death	other_3	def-np.poss	?OLD	
,				
what	SBJ_2	pron.pint		
peasant				
would				
venture				
to				
inquire				
too				
closely				
into				
such				
a				
creature	other_4	pron.pds		
should				
he	SBJ_2	pron.pper	?OLD	
get				
sight	OBJ_2	def-np.poss	?OLD	
of				
it	other_3	pron.pper	?OLD	
,				
as				
many	SBJ_3			
have				
done				
,				
upon				
the				
moor	other_2	def-np.the	?OLD	
?			

--
# text = I said it in London, Watson, and I say it again now, that never yet have we helped to hunt down a more dangerous man than he who is lying yonder\"—he swept his long arm towards the huge mottled expanse of green-splotched bog which stretched away until it merged into the russet slopes of the moor.
I	SBJ	pron.pper	?OLD	
said				
it	OBJ	pron.pper	?OLD	
in				
London	other	ne	?OLD	
,				
Watson	other_2	ne	?OLD	
,				
and				
I	SBJ_2	pron.pper	?OLD	
say				
it	OBJ_2	pron.pper	?OLD	
again				
now				
,				
that				
never				
yet				
have				
we	SBJ_4	pron.pper	?OLD	
helped				
to				
hunt				
down				
a				
more				
dangerous				
man	OBJ_5	indef-np.a		
than				
he	SBJ_7	pron.pper	?OLD	
who	SBJ_8			
is				
lying				
yonder	OBJ_7	indef-np.bare		
&quot;				
—he	SBJ_7	pron.pper	?OLD	
swept				
his	other_8	pron.ppos	?OLD	
long				
arm	OBJ_7	def-np.poss	?OLD	
towards				
the				
huge				
mottled				
expanse	other_8	def-np.the	?OLD	
of				
green				
_				
splotched				
bog	other_9	indef-np.bare		
which	SBJ_11			
stretched				
away				
until				
it	SBJ_12	pron.pper	?OLD	
merged				
into				
the				
russet				
slopes	other_12	def-np.the	?OLD	
of				
the				
moor	other_13	def-np.the	?OLD	
.			

