# text = Jeder spricht heutzutage über das Glück.				
Jeder	SBJ	pron.pind			1	Jeder		
spricht					2	spricht		
heutzutage					3	heutzutage		
über					4	über		
das					5	das		
Glück	other	def-np.the	OLD		6	Glück		
.				7	.	
		
--	
# text = Ich habe einige Leute die Anzahl der Bücher zählen lassen, die mit "Happiness" (Glück) im Titel in den letzten fünf Jahren veröffentlicht wurden und sie gaben nach ungefähr 40 auf, und es gab noch viel mehr.				
Ich	SBJ	pron.pper	OLD		1	Ich		
habe					2	habe		
einige	other_2	pron.pind			3	einige		
Leute	SBJ	indef-np.quant			4	Leute	set_1	
die					5	die		
Anzahl	OBJ	def-np.the	OLD		6	Anzahl		
der					7	der		
Bücher	other_2	def-np.the	OLD		8	Bücher	set_0	
zählen					9	zählen		
lassen					10	lassen		
,								
die	SBJ_2							
mit								
&quot;								
Happiness	other_2	ne	OLD					
&quot;								
(								
Glück	other_3	ne	OLD					
)								
in								
dem								
Titel	other_2	def-np.the	OLD					
in								
den								
letzten								
fünf								
Jahren	other_2	def-np.quant	OLD					
veröffentlicht					24	veröffentlicht		
wurden								
und								
sie	SBJ_3	pron	OLD					
gaben								
nach					29	nach		
ungefähr					30	ungefähr		
40								
auf								
,					33	,		
und					34	und		
es					35	es		
gab								
noch					37	noch		
viel								
mehr					39	mehr		
.				40	.	
		
# text = Es gibt eine gewaltige Welle des Interesses an Glück unter Forschern.	
Es					1	Es		
gibt					2	gibt		
eine					3	eine		
gewaltige					4	gewaltige		
Welle	SBJ	indef-np.a			5	Welle		
des					6	des		
Interesses	other_2	def-np.the	OLD		7	Interesses		
an					8	an		
Glück	other_3	indef-np.bare			9	Glück		
unter					10	unter		
Forschern	other_4	indef-np.bare			11	Forschern		
.				12	.	
		
# text = Es gibt sehr viel Glücks-Coaching.	
Es	SBJ	pron.pper	OLD		1	Es		
gibt					2	gibt		
sehr					3	sehr		
viel	other_2	pron.pind						
Glücks	OBJ	ne	OLD		5	Glücks		
_								
Coaching								
.				6	.	
		
# text = Jeder würde gerne die Leute glücklicher machen.	
Jeder	SBJ	pron.pind			1	Jeder		
würde					2	würde		
gerne					3	gerne		
die					4	die		
Leute	SBJ	def-np.the	OLD		5	Leute		
glücklicher					6	glücklicher		
machen					7	machen		
.				8	.	
		
# text = Aber trotz all dieser Flut von Arbeiten, gibt es mehrere kognitive Fallen, die es sozusagen fast unmöglich machen, klar über Glück nachzudenken.	
Aber					1	Aber		
trotz					2	trotz		
all	other_2	pron.pind			3	all		
dieser	other_2	pron.pds	OLD		4	dieser		
Flut	other	def-np.dem	OLD		5	Flut		
von					6	von		
Arbeiten	other_2	indef-np.bare			7	Arbeiten		
,					8	,		
gibt					9	gibt	set_105	
es					10	es		
mehrere	other_2	pron.pind			11	mehrere		
kognitive					12	kognitive		
Fallen	SBJ	indef-np.bare			13	Fallen	set_110	
,					14	,		
die	SBJ_3				15	die	set_110	
es	OBJ_3	pron.pper	OLD		16	es		
sozusagen					17	sozusagen		
fast					18	fast		
unmöglich					19	unmöglich		
machen					20	machen		
,					21	,		
klar					22	klar		
über					23	über		
Glück	other_2	indef-np.bare			24	Glück		
nachzudenken					25	nachzudenken		
.				26	.	
		
# text = Und mein Vortrag heute wird hauptsächlich von diesen kognitiven Fallen handeln.	
Und					1	Und		
mein	other_2	pron.ppos	OLD		2	mein		
Vortrag	SBJ	indef-np.bare			3	Vortrag		
heute					4	heute		
wird					5	wird		
hauptsächlich					6	hauptsächlich		
von					7	von		
diesen	other_2	pron.pds	OLD		8	diesen		
kognitiven					9	kognitiven		
Fallen	other	def-np.dem	OLD		10	Fallen	set_110	
handeln					11	handeln		
.				12	.	
		
# text = Das gilt für Laien, die über ihr eigenes Glück nachdenken, und es gilt für Wissenschaftler, die über Glück nachdenken, weil sich herausstellt, dass wir genau so durcheinander sind wie jeder andere.	
Das	SBJ	pron.pds	OLD		1	Das	set_105	
gilt					2	gilt		
für					3	für		
Laien	other	indef-np.bare			4	Laien	set_3	
,					5	,		
die	SBJ_3	pron	OLD		6	die	set_3	
über					7	über		
ihr					8	ihr	set_3	
eigenes					9	eigenes		
Glück	other_3	indef-np			10	Glück		
nachdenken					11	nachdenken		
,					12	,		
und					13	und		
es	SBJ_4	pron.pper	OLD		14	es	set_105	
gilt					15	gilt		
für					16	für		
Wissenschaftler	other_5	indef-np.bare			17	Wissenschaftler	set_4	
,					18	,		
die	SBJ_5	pron	OLD		19	die	set_4	
über					20	über		
Glück	other_5	indef-np.bare			21	Glück		
nachdenken					22	nachdenken		
,					23	,		
weil					24	weil		
sich	OBJ_6				25	sich		
herausstellt					26	herausstellt		
,					27	,		
dass					28	dass		
wir	SBJ_8	pron	OLD		29	wir		
genau					30	genau		
so					31	so		
durcheinander					32	durcheinander		
sind					33	sind		
wie					34	wie		
jeder	SBJ_6	pron.pind			35	jeder		
andere					36	andere		
.				37	.	
		
# text = Die erste dieser Fallen ist ein Widerstreben, Komplexität zuzugeben.	
Die					1	Die		
erste					2	erste		
dieser	other_2	pron.pds	OLD		3	dieser		
Fallen	SBJ	def-np.dem	OLD		4	Fallen	set_110	
ist					5	ist		
ein					6	ein		
Widerstreben	OBJ	indef-np.a			7	Widerstreben		
,					8	,		
Komplexität	other_2	indef-np.bare			9	Komplexität		
zuzugeben					10	zuzugeben		
.				11	.	
		
# text = Es stellt sich heraus, dass das Wort Glück einfach kein nützliches Wort mehr ist, weil wir es auf zu viele unterschiedliche Dinge anwenden.	
Es	SBJ	pron.pper	OLD		1	Es		
stellt					2	stellt		
sich	OBJ				3	sich		
heraus					4	heraus		
,					5	,		
dass					6	dass		
das					7	das		
Wort	SBJ_2	def-np.the	OLD		8	Wort	set_176	
Glück	other_3	ne	OLD		9	Glück		
einfach					10	einfach		
kein	other_2	pron	OLD		11	kein		
nützliches					12	nützliches		
Wort	SBJ_2	indef-np.bare			13	Wort		
mehr	other_3	pron	OLD		14	mehr		
ist					15	ist		
,					16	,		
weil					17	weil		
wir	SBJ_3	pron	OLD		18	wir		
es	OBJ_3	pron.pper	OLD		19	es	set_176	
auf					20	auf		
zu					21	zu		
viele					22	viele		
unterschiedliche					23	unterschiedliche		
Dinge	other_3	indef-np.quant			24	Dinge		
anwenden					25	anwenden	set_107	
.				26	.	
		
# text = Ich denke, es gibt eine bestimmte Bedeutung, auf die wir es beschränken könnten, aber im Großen und Ganzen ist das etwas, das wir aufgeben werden müssen, und wir werden die komplizierte Sichtweise annehmen müssen darauf, was Wohlbefinden ist.	
Ich	SBJ	pron.pper	OLD		1	Ich		
denke					2	denke		
,					3	,		
es					4	es		
gibt					5	gibt		
eine					6	eine		
bestimmte					7	bestimmte		
Bedeutung	OBJ_2	indef-np.a			8	Bedeutung	set_6	
,								
auf								
die								
wir	SBJ_3	pron	OLD					
es	OBJ_3	pron.pper	OLD					
beschränken								
könnten								
,								
aber								
in								
dem								
Großen								
und								
Ganzen	other_4	ne	OLD					
ist								
das								
etwas	OBJ	def-np.dem	OLD		24	etwas	set_91	
,								
das	OBJ_3							
wir	SBJ_3	pron	OLD					
aufgeben								
werden								
müssen								
,								
und								
wir	SBJ_4	pron	OLD					
werden								
die								
komplizierte								
Sichtweise	OBJ_4	def-np.the	OLD					
annehmen								
müssen								
darauf								
,								
was	SBJ_5	pron	OLD					
Wohlbefinden	other_4	indef-np.bare						
ist								
.				45	.	
		
# text = Die zweite Falle ist eine Verwechslung von Erleben und Gedächtnis: Im Grunde besteht sie zwischen glücklich sein in seinem Leben und glücklich sein über sein Leben oder glücklich mit seinem Leben.	
Die					1	Die		
zweite					2	zweite		
Falle	SBJ	def-np.the	OLD		3	Falle	set_183	
ist					4	ist		
eine					5	eine		
Verwechslung	other	indef-np.a			6	Verwechslung		
von					7	von		
Erleben	other	indef-np.bare			8	Erleben		
und					9	und		
Gedächtnis	other_2	indef-np.bare			10	Gedächtnis		
:								
In					12	In		
dem								
Grunde	other_2	def-np.the	OLD					
besteht					14	besteht		
sie	SBJ_2	pron	OLD					
zwischen					16	zwischen		
glücklich								
sein					18	sein		
in					19	in		
seinem					20	seinem		
Leben	other_4	indef-np			21	Leben		
und					22	und		
glücklich					23	glücklich		
sein					24	sein		
über					25	über		
sein					26	sein		
Leben	other_4	indef-np			27	Leben		
oder					28	oder	set_182	
glücklich					29	glücklich	set_182	
mit					30	mit	set_182	
seinem					31	seinem	set_182	
Leben	other_5	indef-np			32	Leben		
.				33	.	
		
# text = Und dies sind zwei sehr unterschiedliche Konzepte, und sie sind beide zusammengeworfen in der Vorstellung vom Glück.	
Und					1	Und		
dies	SBJ_2	pron.pds	OLD		2	dies	set_182	
sind					3	sind		
zwei					4	zwei		
sehr					5	sehr		
unterschiedliche					6	unterschiedliche		
Konzepte	OBJ	indef-np.quant			7	Konzepte	set_31	
,					8	,		
und					9	und		
sie	SBJ	pron	OLD		10	sie	set_31	
sind					11	sind		
beide	SBJ	pron.pind			12	beide		
zusammengeworfen					13	zusammengeworfen		
in					14	in		
der					15	der		
Vorstellung	other	def-np.the	OLD		16	Vorstellung		
von								
dem					17	dem		
Glück	other_2	def-np.the	OLD		18	Glück		
.				19	.	
		
# text = Und die dritte ist die Konzentrations-Illusion, und das ist die unglückliche Tatsache, dass wir nicht über einen Umstand nachdenken können, der Wohlbefinden beeinflusst, ohne seine Bedeutung zu verzerren.	
Und								
die								
dritte	SBJ							
ist								
die								
Konzentrations								
_								
Illusion	other	def-np.the	OLD		7	Illusion		
,								
und								
das	SBJ_2	pron.pds	OLD					
ist								
die								
unglückliche								
Tatsache	other	def-np.the	OLD					
,								
dass								
wir	SBJ_3	pron	OLD					
nicht								
über								
einen								
Umstand	other_3	indef-np.a						
nachdenken								
können								
,								
der								
Wohlbefinden	OBJ_4	def-np.the	OLD					
beeinflusst								
,								
ohne								
seine								
Bedeutung	OBJ_5	indef-np						
zu								
verzerren								
.							
	
# text = Ich meine, das ist eine echte kognitive Falle.				
Ich	SBJ	pron.pper	OLD		1	Ich		
meine	other_2	pron.ppos	OLD		2	meine		
,					3	,		
das	SBJ	pron.pds	OLD		4	das	set_32	
ist					5	ist		
eine					6	eine		
echte					7	echte		
kognitive					8	kognitive		
Falle	other	indef-np.a			9	Falle		
.				10	.	
		
# text = Es gibt einfach keinen Weg, es richtig hin zu bekommen.	
Es	SBJ	pron.pper	OLD		1	Es		
gibt					2	gibt		
einfach					3	einfach		
keinen	other_2	pron	OLD		4	keinen		
Weg	OBJ	indef-np.quant			5	Weg		
,					6	,		
es	SBJ_2	pron.pper	OLD		7	es		
richtig					8	richtig		
hin					9	hin		
zu					10	zu		
bekommen					11	bekommen		
.				12	.	
		
# text = Nun würde ich gerne mit einem Beispiel anfangen von jemandem, der eine Frage-und-Antwort-Sitzung hatte nach einer meiner Vorlesungen, der eine Geschichte berichtete.	
Nun					1	Nun		
würde					2	würde		
ich	SBJ	pron.pper	OLD		3	ich		
gerne					4	gerne		
mit					5	mit		
einem					6	einem		
Beispiel	other	indef-np.a			7	Beispiel		
anfangen					8	anfangen		
von					9	von		
jemandem	other	pron	OLD		10	jemandem	set_178	
,								
der	SBJ_3							
eine								
Frage					14	Frage		
_								
und								
_								
Antwort	other_5	indef-np.bare						
_								
Sitzung	OBJ_3	indef-np.a						
hatte					15	hatte		
nach					16	nach		
einer					17	einer		
meiner					18	meiner		
Vorlesungen	other_3	indef-np.a						
,								
der	SBJ_2							
eine								
Geschichte	OBJ_2	indef-np.a						
berichtete					24	berichtete		
.				25	.	
		
# text = [undeutlich ...] Er sagte, er hätte eine Sinfonie gehört, und es war absolut herrliche Musik, und ganz am Ende der Aufnahme gab es ein fürchterliches kreischendes Geräusch.	
[								
undeutlich								
...					1	...		
]								
Er	SBJ	pron.pper	OLD					
sagte					2	sagte		
,								
er	SBJ_2	pron.pper	OLD					
hätte								
eine								
Sinfonie	SBJ_2	indef-np.a						
gehört								
,								
und								
es	SBJ_2	pron.pper	OLD					
war								
absolut								
herrliche								
Musik	other	indef-np.bare						
,								
und								
ganz								
an								
dem								
Ende	other_2	def-np.the	OLD					
der								
Aufnahme	other_3	def-np.the	OLD					
gab								
es								
ein								
fürchterliches								
kreischendes								
Geräusch	SBJ_2	indef-np.a						
.							
	
# text = Und dann fügte er hinzu, wirklich ziemlich emotional, das hat die ganze Erfahrung ruiniert.				
Und					1	Und		
dann					2	dann		
fügte					3	fügte		
er	SBJ	pron.pper	OLD		4	er	set_178	
hinzu					5	hinzu		
,					6	,		
wirklich					7	wirklich		
ziemlich					8	ziemlich		
emotional					9	emotional		
,					10	,		
das	SBJ_3	pron.pds	OLD		11	das	set_35	
hat					12	hat		
die					13	die		
ganze					14	ganze		
Erfahrung	OBJ_3	def-np.the	OLD		15	Erfahrung		
ruiniert					16	ruiniert		
.				17	.	
		
# text = Aber das hatte es nicht.	
Aber					1	Aber		
das	SBJ	pron.pds	OLD		2	das		
hatte					3	hatte		
es	OBJ	pron.pper	OLD		4	es	set_35	
nicht					5	nicht		
.				6	.	
		
# text = Was es ruiniert hatte waren die Erinnerungen an die Erfahrung.	
Was	OBJ	pron	OLD		1	Was		
es	SBJ	pron.pper	OLD		2	es	set_35	
ruiniert					3	ruiniert		
hatte					4	hatte		
waren					5	waren		
die					6	die		
Erinnerungen	SBJ	def-np.the	OLD		7	Erinnerungen		
an					8	an		
die					9	die		
Erfahrung	other_2	def-np.the	OLD		10	Erfahrung	set_112	
.				11	.	
		
# text = Er hatte die Erfahrung gehabt.	
Er	SBJ_2	pron.pper	OLD		1	Er	set_178	
hatte					2	hatte		
die					3	die		
Erfahrung	OBJ	def-np.the	OLD		4	Erfahrung	set_112	
gehabt					5	gehabt		
.				6	.	
		
# text = Er hatte 20 Minuten herrlicher Musik gehabt.	
Er	SBJ_2	pron.pper	OLD		1	Er	set_178	
hatte					2	hatte		
20					3	20		
Minuten	SBJ	indef-np.quant			4	Minuten	set_36	
herrlicher					5	herrlicher		
Musik	OBJ	indef-np			6	Musik	set_36	
gehabt					7	gehabt	set_179	
.				8	.	
		
# text = Sie zählten nicht, weil er mit einer Erinnerung verblieben war;	
Sie	SBJ	pron.pper	OLD		1	Sie	set_36	
zählten					2	zählten	set_179	
nicht					3	nicht		
,					4	,		
weil					5	weil		
er	SBJ_2	pron.pper	OLD		6	er	set_178	
mit					7	mit		
einer					8	einer		
Erinnerung	other_2	indef-np.a			9	Erinnerung	set_113	
verblieben					10	verblieben		
war					11	war		
;				12	;	
		
# text = die Erinnerung war ruiniert, und die Erinnerung war alles, was er zum Behalten bekommen hatte.	
die								
Erinnerung	SBJ	def-np.the	OLD					
war								
ruiniert					16	ruiniert	set_179	
,								
und								
die								
Erinnerung	SBJ_2	def-np.the	OLD					
war								
alles	other	pron.pind						
,								
was	OBJ_2	pron	OLD					
er	SBJ_2	pron.pper	OLD					
zu	other_3	pron.pind						
dem					14	dem		
Behalten	other_2	def-np.the	OLD					
bekommen								
hatte								
.							
	
# text = Was uns das wirklich sagt ist, dass wir über uns und über andere Leute nachdenken könnten im Sinne von zwei Arten des Selbst.				
Was	SBJ	pron	OLD		1	Was		
uns	OBJ_2	pron	OLD		2	uns		
das	SBJ				3	das	set_179	
wirklich					4	wirklich		
sagt					5	sagt		
ist					6	ist		
,					7	,		
dass					8	dass		
wir	SBJ_2	pron	OLD		9	wir		
über					10	über		
uns	other_2	pron	OLD		11	uns		
und					12	und		
über					13	über		
andere					14	andere		
Leute	other_3	indef-np.bare			15	Leute		
nachdenken					16	nachdenken		
könnten					17	könnten		
in								
dem					18	dem		
Sinne	other_2	def-np.the	OLD		19	Sinne		
von					20	von		
zwei					21	zwei		
Arten	other_3	indef-np.quant			22	Arten	set_68	
des					23	des	set_68	
Selbst					24	Selbst		
.				25	.	
		
# text = Es gibt ein erlebendes Selbst, das in der Gegenwart lebt und die Gegenwart kennt, fähig ist, die Vergangenheit wieder zu erleben, aber im Grunde nur die Gegenwart hat.	
Es					1	Es		
gibt					2	gibt		
ein					3	ein		
erlebendes					4	erlebendes		
Selbst	SBJ				5	Selbst	set_232	
,					6	,		
das	SBJ_3				7	das	set_232	
in					8	in		
der					9	der		
Gegenwart	other_3	def-np.the	OLD		10	Gegenwart		
lebt					11	lebt		
und					12	und		
die					13	die		
Gegenwart	OBJ_4	def-np.the	OLD		14	Gegenwart		
kennt					15	kennt		
,					16	,		
fähig					17	fähig		
ist					18	ist		
,					19	,		
die					20	die		
Vergangenheit	OBJ_3	def-np.the	OLD		21	Vergangenheit		
wieder					22	wieder		
zu					23	zu		
erleben					24	erleben		
,					25	,		
aber					26	aber		
in								
dem					27	dem		
Grunde	other_2	def-np.the	OLD		28	Grunde		
nur					29	nur		
die					30	die		
Gegenwart	OBJ_2	def-np.the	OLD		31	Gegenwart		
hat					32	hat		
.				33	.	
		
--	
# text = Es ist das erlebende Selbst, das der Arzt anpricht -- Sie wissen, wenn der Arzt fragt: \"Tut es jetzt weh, wenn ich Sie hier anfasse?\"				
Es	SBJ	pron.pper	OLD		1	Es		
ist					2	ist		
das					3	das		
erlebende					4	erlebende		
Selbst					5	Selbst	set_232	
,					6	,		
das	OBJ_2				7	das	set_232	
der					8	der		
Arzt	SBJ_2	def-np.the	OLD		9	Arzt		
anpricht					10	anpricht		
_					11			
Sie	SBJ_2	pron.pper	OLD		12	Sie		
wissen					13	wissen		
,					14	,		
wenn					15	wenn		
der					16	der		
Arzt	SBJ_3	def-np.the	OLD		17	Arzt		
fragt					18	fragt		
:					19	:		
&quot;					20	''		
Tut	SBJ_4	indef-np.bare			21	Tut		
es	OBJ_4	pron.pper	OLD		22	es		
jetzt					23	jetzt		
weh					24	weh		
,					25	,		
wenn					26	wenn		
ich	SBJ_5	pron.pper	OLD		27	ich		
Sie	SBJ_5	pron.pper	OLD		28	Sie		
hier					29	hier		
anfasse					30	anfasse		
?					31			
&quot;				32	''	
		
--	
# text = Und dann gibt es ein erinnerndes Selbst, und das erinnernde Selbst ist das, das mitzählt und die Geschichte unseres Lebens aufrecht erhält, und es ist dasjenige, das der Arzt anspricht indem er die Frage stellt: "Wie haben				
Und					1	Und		
dann					2	dann		
gibt					3	gibt		
es					4	es		
ein					5	ein		
erinnerndes					6	erinnerndes		
Selbst	OBJ				7	Selbst	set_236	
,					8	,		
und					9	und		
das					10	das		
erinnernde					11	erinnernde		
Selbst					12	Selbst		
ist					13	ist		
das	SBJ	pron.pds	OLD		14	das	set_236	
,					15	,		
das	SBJ_2	pron.pds	OLD		16	das	set_236	
mitzählt					17	mitzählt		
und					18	und		
die					19	die		
Geschichte	OBJ_3	def-np.the	OLD		20	Geschichte		
unseres	other_5	pron.ppos	OLD		21	unseres		
Lebens	other_4	indef-np.bare			22	Lebens		
aufrecht					23	aufrecht		
erhält					24	erhält		
,					25	,		
und					26	und		
es					27	es		
ist					28	ist		
dasjenige	other	pron.pind			29	dasjenige	set_236	
,					30	,		
das	OBJ_2				31	das	set_236	
der					32	der		
Arzt	SBJ_2	def-np.the	OLD		33	Arzt	set_14	
anspricht					34	anspricht		
indem					35	indem		
er	SBJ_4	pron.pper	OLD		36	er	set_14	
die					37	die		
Frage	OBJ_4	def-np.the	OLD		38	Frage		
stellt					39	stellt		
:					40	:		
&quot;					41	''		
Wie					42	Wie		
haben				43	haben	
		
--	
# text = Sie sich in letzter Zeit gefühlt?"				
Sie	SBJ	pron.pper	OLD					
sich	OBJ							
in								
letzter								
Zeit	other	indef-np.bare						
gefühlt					49	gefühlt		
?								
&quot;							
	
--				
# text = oder \"Wie war Ihre Reise nach Albanien?\"				
oder								
&quot;								
Wie	SBJ	ne	OLD					
war								
Ihre								
Reise	other	indef-np			57	Reise		
nach								
Albanien	other	ne	OLD					
?								
&quot;							
	
# text = oder so ähnlich.				
oder								
so								
ähnlich					3	ähnlich		
.							
	
# text = Dies sind zwei sehr unterschiedliche Einheiten, das erlebende Selbst und das erinnernde Selbst, und die beiden zu verwechseln ist Teil des Durcheinanders des Begriffs vom Glück.				
Dies	SBJ	pron.pds	OLD		1	Dies	set_68	
sind					2	sind		
zwei					3	zwei		
sehr					4	sehr		
unterschiedliche					5	unterschiedliche		
Einheiten	other	indef-np.quant			6	Einheiten		
,					7	,		
das					8	das		
erlebende					9	erlebende		
Selbst					10	Selbst	set_68	
und					11	und		
das					12	das		
erinnernde					13	erinnernde		
Selbst					14	Selbst	set_68	
,					15	,		
und					16	und		
die					17	die	set_68	
beiden	SBJ_2	pron.pind			18	beiden	set_68	
zu					19	zu		
verwechseln					20	verwechseln		
ist					21	ist		
Teil	other_2	indef-np.bare			22	Teil		
des					23	des		
Durcheinanders	other_3	def-np.the	OLD		24	Durcheinanders		
des					25	des		
Begriffs	other_4	def-np.the	OLD		26	Begriffs		
von								
dem					27	dem		
Glück	other_5	def-np.the	OLD		28	Glück		
.				29	.	
		
# text = Nun, das erinnernde Selbst ist ein Geschichtenerzähler.	
Nun					1	Nun		
,					2	,		
das					3	das		
erinnernde					4	erinnernde		
Selbst	SBJ				5	Selbst	set_236	
ist					6	ist		
ein					7	ein		
Geschichtenerzähler	other	indef-np.a			8	Geschichtenerzähler	set_53	
.				9	.	
		
# text = Und das fängt wirklich mit einer grundlegenden Reaktion auf unsere Erinnerungen an -- es fängt sofort an.	
Und					1	Und		
das	SBJ	pron.pds	OLD		2	das	set_53	
fängt					3	fängt		
wirklich					4	wirklich		
mit					5	mit		
einer					6	einer		
grundlegenden					7	grundlegenden		
Reaktion	other	indef-np.a			8	Reaktion		
auf					9	auf		
unsere	other_2	pron.ppos	OLD		10	unsere		
Erinnerungen	other	indef-np.bare			11	Erinnerungen		
an					12	an		
_					13			
es	SBJ_2	pron.pper	OLD		14	es	set_53	
fängt					15	fängt		
sofort					16	sofort		
an					17	an		
.				18	.	
		
# text = Wir erzählen nicht nur Geschichten, wenn wir uns daran machen, Geschichten zu erzählen.	
Wir	SBJ	pron	OLD		1	Wir		
erzählen					2	erzählen		
nicht					3	nicht		
nur					4	nur		
Geschichten	OBJ	indef-np.bare			5	Geschichten		
,					6	,		
wenn					7	wenn		
wir	SBJ_2	pron	OLD		8	wir		
uns	OBJ_2	pron	OLD		9	uns		
daran	SBJ_2	pron.padv	OLD		10	daran		
machen					11	machen		
,					12	,		
Geschichten	OBJ_3	indef-np.bare			13	Geschichten		
zu					14	zu		
erzählen					15	erzählen		
.				16	.	
		
# text = Unser Gedächtnis erzählt uns Geschichten, das heißt, was wir von unseren Erlebnissen behalten dürfen ist eine Geschichte.	
Unser	other_2	pron.ppos	OLD		1	Unser		
Gedächtnis	SBJ	indef-np.bare			2	Gedächtnis		
erzählt					3	erzählt	set_118	
uns	OBJ	pron	OLD		4	uns		
Geschichten	SBJ	indef-np.bare			5	Geschichten		
,					6	,		
das	SBJ_2	pron.pds	OLD		7	das	set_118	
heißt					8	heißt		
,					9	,		
was	OBJ_2	pron	OLD		10	was		
wir	SBJ_2	pron	OLD		11	wir		
von					12	von		
unseren	other_3	pron.ppos	OLD		13	unseren		
Erlebnissen	other_2	indef-np.bare			14	Erlebnissen		
behalten					15	behalten		
dürfen					16	dürfen		
ist					17	ist		
eine					18	eine		
Geschichte	SBJ	indef-np.a			19	Geschichte		
.				20	.	
		
# text = Und lassen Sie micht mit einem Beispiel anfangen.	
Und					1	Und		
lassen					2	lassen		
Sie	SBJ	pron.pper	OLD		3	Sie		
micht					4	micht		
mit					5	mit		
einem					6	einem		
Beispiel	other	indef-np.a			7	Beispiel		
anfangen					8	anfangen		
.				9	.	
		
# text = Es gibt eine alte Studie.	
Es					1	Es		
gibt					2	gibt		
eine					3	eine		
alte					4	alte		
Studie	SBJ	indef-np.a			5	Studie	set_119	
.				6	.	
		
# text = Das sind echte Patienten, die sich einer schmerzhaften Prozedur unterziehen.	
Das	SBJ	pron	OLD		1	Das		
sind					2	sind		
echte					3	echte		
Patienten	other	indef-np.bare			4	Patienten	set_8	
,					5	,		
die	SBJ_2				6	die	set_8	
sich	OBJ_2				7	sich	set_8	
einer	other_3	pron.pind			8	einer		
schmerzhaften					9	schmerzhaften		
Prozedur	OBJ_2	indef-np.a			10	Prozedur	set_9	
unterziehen					11	unterziehen		
.				12	.	
		
# text = Ich werde nicht ins Detail gehen.	
Ich	SBJ	pron.pper	OLD					
werde								
nicht								
in								
das					4	das		
Detail	other	def-np.the	OLD					
gehen					6	gehen		
.							
	
# text = Sie ist heutzutage nicht mehr schmerzhaft, aber sie war schmerzhaft, als diese Studie in den 1990ern durchgeführt wurde.				
Sie	SBJ	pron.pper	OLD		1	Sie	set_9	
ist					2	ist		
heutzutage					3	heutzutage		
nicht					4	nicht		
mehr					5	mehr		
schmerzhaft					6	schmerzhaft		
,					7	,		
aber					8	aber		
sie	SBJ_2	pron	OLD		9	sie	set_9	
war					10	war		
schmerzhaft					11	schmerzhaft		
,					12	,		
als					13	als		
diese	other_3	pron.pds	OLD		14	diese		
Studie	SBJ_2	def-np.dem	OLD		15	Studie	set_119	
in					16	in		
den					17	den		
1990ern	other_2	def-np.the	OLD		18	1990ern		
durchgeführt					19	durchgeführt		
wurde					20	wurde		
.				21	.	
		
# text = Sie wurden gebeten, alle 60 Sekunden über ihre Schmerzen zu berichten.	
Sie	SBJ	pron.pper	OLD		1	Sie	set_8	
wurden					2	wurden		
gebeten					3	gebeten		
,					4	,		
alle	OBJ_2	pron.pind			5	alle		
60					6	60		
Sekunden	OBJ_2	indef-np.quant			7	Sekunden		
über					8	über		
ihre					9	ihre	set_8	
Schmerzen	other_2	indef-np			10	Schmerzen		
zu					11	zu		
berichten					12	berichten		
.				13	.	
		
# text = Und hier sind zwei Patienten.	
Und					1	Und		
hier					2	hier		
sind					3	sind		
zwei					4	zwei		
Patienten	other	indef-np.quant			5	Patienten	set_185	
.				6	.	
		
# text = Das sind ihre Aufzeichnungen.	
Das	SBJ	pron.pds	OLD		1	Das		
sind					2	sind		
ihre					3	ihre	set_185	
Aufzeichnungen	other	indef-np			4	Aufzeichnungen		
.				5	.	
		
--	
# text = Und Sie werden gefragt: "Wer von beiden hat mehr gelitten?"				
Und					1	Und		
Sie	SBJ	pron.pper	OLD		2	Sie	set_185	
werden					3	werden		
gefragt					4	gefragt		
:					5	:		
&quot;					6	''		
Wer	SBJ_2	pron.pint			7	Wer		
von					8	von		
beiden	other_3	pron.pind			9	beiden	set_185	
hat					10	hat		
mehr					11	mehr		
gelitten					12	gelitten	set_121	
?					13			
&quot;				14	''	
		
# text = Und das ist eine sehr einfache Frage.	
Und					1	Und		
das	SBJ	pron.pds	OLD		2	das	set_121	
ist					3	ist		
eine					4	eine		
sehr					5	sehr		
einfache					6	einfache		
Frage	other	indef-np.a			7	Frage	set_129	
.				8	.	
		
# text = Patient B hat eindeutig mehr gelitten.	
Patient	SBJ	indef-np.bare			1	Patient	set_188	
B	other_2	ne	OLD		2	B		
hat					3	hat		
eindeutig					4	eindeutig		
mehr					5	mehr		
gelitten					6	gelitten		
.				7	.	
		
# text = Seine Darmspiegelung war länger, und jede Minute von Schmerz, die Patient A hatte hatte Patient B, und mehr.	
Seine					1	Seine	set_188	
Darmspiegelung	SBJ	indef-np			2	Darmspiegelung	set_128	
war					3	war		
länger					4	länger		
,					5	,		
und					6	und		
jede	other_2	pron.pind			7	jede		
Minute	other	indef-np.bare			8	Minute	set_11	
von					9	von		
Schmerz	other_2	ne	OLD		10	Schmerz		
,					11	,		
die					12	die	set_11	
Patient	SBJ_2	def-np.the	OLD		13	Patient	set_195	
A	other_3	ne	OLD		14	A		
hatte					15	hatte		
hatte					16	hatte		
Patient	OBJ_2	ne	OLD		17	Patient	set_188	
B	other_3	ne	OLD		18	B		
,					19	,		
und					20	und		
mehr					21	mehr		
.				22	.	
		
--	
# text = Aber nun gibt es eine andere Frage: \"Wie sehr dachten diese Patienten, dass sie litten?\"				
Aber					1	Aber		
nun					2	nun		
gibt					3	gibt		
es					4	es		
eine					5	eine		
andere					6	andere		
Frage	SBJ	indef-np.a			7	Frage	set_129	
:					8	:		
&quot;					9	''		
Wie					10	Wie		
sehr					11	sehr		
dachten					12	dachten		
diese	other_4	pron.pds	OLD		13	diese		
Patienten	SBJ_3	def-np.dem	OLD		14	Patienten	set_185	
,					15	,		
dass					16	dass		
sie	SBJ_4	pron	OLD		17	sie	set_185	
litten					18	litten		
?					19			
&quot;				20	''	
		
# text = Und hier ist eine Überraschung: Und die Überraschung ist, dass Patient A eine viel schlechtere Erinnrung an die Darmspiegelung hatte als Patient B. Die Geschichten der Darmspiegelungen waren unterschiedlich, und weil ein sehr entscheidender Teil der Geschichte ist, wie sie endet -- und keine dieser Geschichten ist sehr erbaulich oder großartig -- aber eine von ihnen ist diese deutlich ... (Gelächter) aber eine von ihnen ist deutlich schlimmer als die andere.				
Und								
hier								
ist								
eine								
Überraschung	SBJ	indef-np.a						
:								
Und								
die								
Überraschung	SBJ_2	def-np.the	OLD					
ist								
,								
dass								
Patient	SBJ_4	ne	OLD					
A	other_5	ne	OLD					
eine								
viel								
schlechtere								
Erinnrung	SBJ_3	indef-np.a						
an								
die								
Darmspiegelung	other_4	def-np.the	OLD					
hatte								
als								
Patient	other	indef-np.bare						
B.								
Die								
Geschichten	SBJ	def-np.the	OLD					
der								
Darmspiegelungen	other_2	def-np.the	OLD					
waren								
unterschiedlich								
,								
und								
weil								
ein								
sehr								
entscheidender								
Teil	other	indef-np.a						
der								
Geschichte	other_2	def-np.the	OLD					
ist								
,								
wie								
sie	SBJ_4	pron	OLD					
endet								
_								
und								
keine	other_6	pron	OLD					
dieser	other_6	pron.pds	OLD					
Geschichten	SBJ_5	def-np.dem	OLD					
ist								
sehr								
erbaulich								
oder								
großartig								
_								
aber								
eine	SBJ_3							
von								
ihnen	other_4	pron.pper	OLD					
ist								
diese	SBJ_3	pron.pds	OLD					
deutlich								
...								
(								
Gelächter	other_4	indef-np.bare						
)								
aber								
eine	SBJ_4							
von								
ihnen	other_5	pron.pper	OLD					
ist								
deutlich								
schlimmer								
als								
die								
andere	other_4	pron.pind						
.							
	
# text = Und die, die schlimmer ist war die, wo der Schmerz ganz am Ende auf seinem Höhepunkt war.				
Und								
die	SBJ							
,								
die	SBJ_2							
schlimmer								
ist								
war								
die								
,								
wo								
der								
Schmerz	SBJ_2	def-np.the	OLD					
ganz								
an								
dem								
Ende	other_2	def-np.the	OLD					
auf								
seinem								
Höhepunkt	other_3	indef-np						
war								
.							

# text = Es ist eine schlimme Geschichte.				
Es	SBJ	pron.pper	OLD					
ist								
eine								
schlimme								
Geschichte	other	indef-np.a						
.							

# text = Woher wissen wir das?				
Woher								
wissen								
wir	SBJ	pron	OLD					
das	OBJ							
?							

--				
# text = Weil wir diese Leute nach ihrer Darmspiegelung gefragt haben, und auch viel später: \"Wie schlimm war die ganze Sache insgesamt?\", und sie war viel schlimmer für A als für B in der Erinnrung.				
Weil								
wir	SBJ	pron	OLD					
diese	other_2	pron.pds	OLD					
Leute	SBJ	def-np.dem	OLD					
nach								
ihrer								
Darmspiegelung	other	indef-np						
gefragt								
haben								
,								
und								
auch								
viel								
später								
:								
&quot;								
Wie								
schlimm								
war								
die								
ganze								
Sache	SBJ_4	def-np.the	OLD					
insgesamt								
?								
&quot;								
,								
und								
sie	SBJ_3	pron	OLD					
war								
viel	other_3	pron	OLD					
schlimmer								
für								
A	other_3	ne	OLD					
als								
für								
B	other_4	ne	OLD					
in								
der								
Erinnrung	other_5	def-np.the	OLD					
.							

# text = Nun, das ist ein direkter Konflikt zwischen dem erlebenden Selbst und dem erinnernden Selbst.				
Nun								
,								
das	SBJ	pron.pds	OLD					
ist								
ein								
direkter								
Konflikt	other	indef-np.a						
zwischen								
dem								
erlebenden								
Selbst								
und								
dem								
erinnernden								
Selbst								
.							

# text = Aus Sicht des erlebenden Selbst hatte B eindeutig eine schlechtere Zeit.				
Aus								
Sicht	other	indef-np.bare						
des								
erlebenden								
Selbst								
hatte								
B	SBJ	ne	OLD					
eindeutig								
eine								
schlechtere								
Zeit	OBJ	indef-np.a						
.							

# text = Nun, was man mit Patient A machen könnte, und wir haben tatsächlich klinische Experimente durchgeführt, und es ist gemacht worden, und es funktioniert, man könnte eigentlich die Darmspiegelung von Patient A verlängern indem man einfach den Schlauch drin lässt ohne zu sehr an ihm zu rütteln.				
Nun								
,								
was	OBJ_2	pron	OLD					
man	SBJ_2	pron.pind						
mit								
Patient	other_2	indef-np.bare						
A	other_3	ne	OLD					
machen								
könnte								
,								
und								
wir	SBJ_2	pron	OLD					
haben								
tatsächlich								
klinische								
Experimente	SBJ_2	indef-np.bare						
durchgeführt								
,								
und								
es								
ist								
gemacht								
worden								
,								
und								
es	SBJ_3	pron.pper	OLD					
funktioniert								
,								
man	SBJ_4	pron.pind						
könnte								
eigentlich								
die								
Darmspiegelung	OBJ_4	def-np.the	OLD					
von								
Patient	other_5	ne	OLD					
A	other_6	ne	OLD					
verlängern								
indem								
man	SBJ_5	pron.pind						
einfach								
den								
Schlauch	OBJ_5	def-np.the	OLD					
drin								
lässt								
ohne								
zu								
sehr								
an								
ihm	other_6	pron.pper	OLD					
zu								
rütteln								
.							

# text = Das wird dazu führen, dass der Patient leidet, aber nur ein bisschen und viel weniger als vorher.				
Das	SBJ							
wird								
dazu								
führen								
,								
dass								
der								
Patient	SBJ_2	def-np.the	OLD					
leidet								
,								
aber								
nur								
ein								
bisschen	other_2	pron.pind						
und								
viel								
weniger								
als								
vorher								
.							

# text = Und wenn man das ein paar Minuten lang macht hat man bewirkt, dass das erlebende Selbst von Patient A schlechter dran ist und man hat bewirkt, dass das erinnernde Selbst von Patient A viel besser dran ist, denn nun hat man Patient A eine bessere Geschichte über seine Erfahrung gegeben.				
Und								
wenn								
man	SBJ_2	pron.pind						
das	SBJ_3	pron.pds	OLD					
ein								
paar	other_4	pron.pind						
Minuten	other_3	indef-np.a						
lang								
macht								
hat								
man	SBJ	pron.pind						
bewirkt								
,								
dass								
das								
erlebende								
Selbst	SBJ_2							
von								
Patient	other_3	ne	OLD					
A	other_4	ne	OLD					
schlechter								
dran								
ist								
und								
man	SBJ_3	pron.pind						
hat								
bewirkt	OBJ_3							
,								
dass								
das								
erinnernde								
Selbst	SBJ_5							
von								
Patient	other_6	indef-np.bare						
A	other_7	ne	OLD					
viel	SBJ_5	ne	OLD					
besser								
dran	other_4	pron.padv	OLD					
ist								
,								
denn								
nun								
hat								
man	SBJ_7	pron.pind						
Patient	SBJ_6	indef-np.bare						
A	other_7	ne	OLD					
eine								
bessere								
Geschichte	OBJ_6	indef-np.a						
über								
seine								
Erfahrung	other_7	indef-np						
gegeben								
.							

# text = Wodurch zeichnet sich eine Geschichte aus?				
Wodurch								
zeichnet								
sich	OBJ							
eine								
Geschichte	SBJ	indef-np.a						
aus								
?							

# text = Und das gilt für die Geschichten, die das Gedächtnis uns liefert und es gilt auch für die Geschichten, die wir erfinden.				
Und								
das	SBJ	pron.pds	OLD					
gilt								
für								
die								
Geschichten	other	def-np.the	OLD					
,								
die	SBJ_3							
das								
Gedächtnis	OBJ_3	def-np.the	OLD					
uns	OBJ_3	pron	OLD					
liefert								
und								
es	SBJ_4	pron.pper	OLD					
gilt								
auch								
für								
die								
Geschichten	other_4	def-np.the	OLD					
,								
die	OBJ_6							
wir	SBJ_6	pron	OLD					
erfinden								
.							

# text = Wodurch sich eine Geschichte auszeichnet sind Umbrüche, bedeutende Augenblicke und Enden.				
Wodurch								
sich								
eine								
Geschichte	SBJ	indef-np.a						
auszeichnet								
sind								
Umbrüche	OBJ	indef-np.bare						
,								
bedeutende								
Augenblicke	other_2	indef-np.bare						
und								
Enden	other_2	indef-np.bare						
.							

# text = Enden sind sehr, sehr wichtig und in diesem Fall dominierte das Ende.				
Enden	SBJ	indef-np.bare						
sind								
sehr								
,								
sehr								
wichtig								
und								
in								
diesem	other_3	pron.pds	OLD					
Fall	other_2	def-np.dem	OLD					
dominierte								
das								
Ende	OBJ_2	def-np.the	OLD					
.							

# text = Nun, das erlebende Selbst lebt sein Leben kontinuierlich.				
Nun								
,								
das								
erlebende								
Selbst	SBJ							
lebt								
sein								
Leben	OBJ_2	indef-np						
kontinuierlich								
.							

# text = Es hat Augenblicke des Erlebens, einen nach dem anderen.				
Es	SBJ	pron.pper	OLD					
hat								
Augenblicke	OBJ	ne	OLD					
des								
Erlebens	other_2	ne	OLD					
,								
einen	OBJ_2							
nach								
dem								
anderen	other	pron.pind						
.							

# text = Und Sie fragen: Was passiert mit diesen Momenten?				
Und								
Sie	SBJ	pron.pper	OLD					
fragen								
:								
Was	SBJ_2	pron	OLD					
passiert								
mit								
diesen	other_3	pron.pds	OLD					
Momenten	other_2	def-np.dem	OLD					
?							

# text = Und die Antwort ist wirklich einfach.				
Und								
die								
Antwort	SBJ	def-np.the	OLD					
ist								
wirklich								
einfach								
.							

# text = Sie sind für immer verloren.				
Sie	SBJ	pron.pper	OLD					
sind								
für								
immer								
verloren								
.							

# text = Ich meine, die meisten Augenblicke unseres Lebens -- und ich habe das ausgerechnet -- Sie wissen, die psychologische Gegenwart gilt als ungefähr drei Sekunden lang.				
Ich	SBJ	pron.pper	OLD					
meine	other	pron.ppos	OLD					
,								
die								
meisten								
Augenblicke	other	def-np.the	OLD					
unseres								
Lebens	other	indef-np.bare						
_								
und								
ich	SBJ_2	pron.pper	OLD					
habe								
das								
ausgerechnet								
_								
Sie	OBJ_2	pron.pper	OLD					
wissen								
,								
die								
psychologische								
Gegenwart	SBJ_2	def-np.the	OLD					
gilt								
als								
ungefähr								
drei								
Sekunden	other_3	indef-np.quant						
lang								
.							

# text = Was bedeutet, wissen Sie, dass es in einem Leben ungefähr 600 Millionen davon gibt.				
Was	SBJ_2	pron	OLD					
bedeutet								
,								
wissen								
Sie	SBJ	pron.pper	OLD					
,								
dass								
es	SBJ_2	pron.pper	OLD					
in								
einem								
Leben	other_2	indef-np.a						
ungefähr								
600								
Millionen	other_3	indef-np.bare						
davon								
gibt								
.							

# text = In einem Monat gibt es ungefähr 600.000.				
In								
einem								
Monat	other	indef-np.a						
gibt								
es	SBJ	pron.pper	OLD					
ungefähr								
600.000								
.							

# text = Die meisten von ihnen hinterlassen keine Spur.				
Die								
meisten	SBJ	pron	OLD					
von								
ihnen	other_2	pron.pper	OLD					
hinterlassen								
keine	other_2	pron	OLD					
Spur	OBJ	indef-np.quant						
.							

# text = Die meisten von ihnen werden komplett ignoriert vom erinnernden Selbst.				
Die								
meisten	SBJ	pron	OLD					
von								
ihnen	other_2	pron.pper	OLD					
werden								
komplett								
ignoriert								
von								
dem								
erinnernden								
Selbst								
.							

# text = Und doch bekommen Sie irgendwie den Eindruck, dass sie zählen sollten, dass was während dieser Augenblicke des Erlebens passiert unser Leben ist.				
Und								
doch								
bekommen								
Sie	SBJ	pron.pper	OLD					
irgendwie								
den								
Eindruck	other	def-np.the	OLD					
,								
dass								
sie	SBJ_2	pron	OLD					
zählen								
sollten								
,								
dass								
was	SBJ_3	pron	OLD					
während								
dieser	other_4	pron.pds	OLD					
Augenblicke	other_3	def-np.dem	OLD					
des								
Erlebens	other_4	def-np.the	OLD					
passiert								
unser	other_4	pron.ppos	OLD					
Leben	OBJ_3	indef-np.bare						
ist								
.							

# text = Es ist die begrenzte Ressource, die wir verbrauchen während wir auf dieser Welt sind.				
Es	SBJ	pron.pper	OLD					
ist								
die								
begrenzte								
Ressource	other	def-np.the	OLD					
,								
die	OBJ_2							
wir	SBJ_2	pron	OLD					
verbrauchen								
während								
wir	SBJ_3	pron	OLD					
auf								
dieser	other_3	pron.pds	OLD					
Welt	other_2	def-np.dem	OLD					
sind								
.							

# text = Und wie wir sie verbrauchen würde scheinbar wichtig sein, aber das ist nicht die Geschichte, die das erinnernde Selbst für uns behält.				
Und								
wie								
wir	SBJ	pron	OLD					
sie	OBJ	pron	OLD					
verbrauchen								
würde								
scheinbar								
wichtig								
sein								
,								
aber								
das	SBJ_2	pron	OLD					
ist								
nicht								
die								
Geschichte	other	def-np.the	OLD					
,								
die	SBJ_3							
das								
erinnernde								
Selbst	OBJ_3							
für								
uns	other_3	pron	OLD					
behält								
.							

# text = Also haben wir das erinnernde Selbst und das erlebende Selbst, und sie sind wirklich ziemlich verschieden.				
Also								
haben								
wir	SBJ	pron	OLD					
das								
erinnernde								
Selbst	OBJ							
und								
das								
erlebende								
Selbst								
,								
und								
sie	SBJ_2	pron	OLD					
sind								
wirklich								
ziemlich								
verschieden								
.							

# text = Der größte Unterschied zwischen ihnen ist der Umgang mit Zeit.				
Der								
größte								
Unterschied	SBJ	def-np.the	OLD					
zwischen								
ihnen	other_2	pron.pper	OLD					
ist								
der								
Umgang	other	def-np.the	OLD					
mit								
Zeit	other	indef-np.bare						
.							

# text = Aus Sicht des erlebenden Selbst, wenn Sie einen Urlaub haben und die zweite Woche genau so gut ist wie die erste, dann ist der zweiwöchige Urlaub doppelt so gut wie der einwöchige Urlaub.				
Aus								
Sicht	other	indef-np.bare						
des								
erlebenden								
Selbst								
,								
wenn								
Sie	SBJ	pron.pper	OLD					
einen								
Urlaub	OBJ	indef-np.a						
haben								
und								
die								
zweite								
Woche	other_2	def-np.the	OLD					
genau								
so								
gut								
ist								
wie								
die								
erste								
,								
dann								
ist								
der								
zweiwöchige								
Urlaub	SBJ_4	def-np.the	OLD					
doppelt								
so								
gut								
wie								
der								
einwöchige								
Urlaub	other_4	def-np.the	OLD					
.							

# text = So funktioniert das überhaupt nicht für das erinnernde Selbst.				
So								
funktioniert								
das	SBJ	pron.pds	OLD					
überhaupt								
nicht								
für								
das								
erinnernde								
Selbst								
.							

# text = Für das erinnernde Selbst ist ein zweiwöchiger Urlaub kaum besser als der einwöchige Urlaub, weil da keine neuen Erinnerungen hinzugefügt werden.				
Für								
das								
erinnernde								
Selbst								
ist								
ein								
zweiwöchiger								
Urlaub	SBJ	indef-np.a						
kaum								
besser								
als								
der								
einwöchige								
Urlaub	other	def-np.the	OLD					
,								
weil								
da								
keine	other_3	pron	OLD					
neuen								
Erinnerungen	SBJ_2	indef-np.quant						
hinzugefügt								
werden								
.							

# text = Sie haben die Geschichte nicht geändert.				
Sie	SBJ	pron.pper	OLD					
haben								
die								
Geschichte	OBJ	def-np.the	OLD					
nicht								
geändert								
.							

# text = Und auf diese Weise ist Zeit eigentlich die kritische Variable, die ein erinnerndes Selbst unterscheidet von einem erlebenden Selbst.				
Und								
auf								
diese	other_3	pron.pds	OLD					
Weise	other_2	def-np.dem	OLD					
ist								
Zeit	other	indef-np.bare						
eigentlich								
die								
kritische								
Variable	other	def-np.the	OLD					
,								
die	SBJ_2							
ein								
erinnerndes								
Selbst	OBJ_2							
unterscheidet								
von								
einem								
erlebenden								
Selbst								
.							

# text = Zeit hat sehr wenig Einfluss auf diese Geschichte.				
Zeit	SBJ	indef-np.bare						
hat								
sehr								
wenig								
Einfluss	OBJ	indef-np.quant						
auf								
diese	other_2	pron.pds	OLD					
Geschichte	other	def-np.dem	OLD					
.							

# text = Nun, das erinnernde Selbst macht mehr, als zu erinnern und Geschichten zu erzählen.				
Nun								
,								
das								
erinnernde								
Selbst	SBJ							
macht								
mehr								
,								
als								
zu								
erinnern								
und								
Geschichten	OBJ_3	indef-np.bare						
zu								
erzählen								
.							

# text = Es ist eigentlich dasjenige, das Entscheidungen trifft, denn wenn Sie einen Patienten haben, der, sagen wir zwei Darmspiegelungen bei zwei unterschiedlichen Chirurgen hatte und sich entscheidet, welchen er wählen soll, dann ist der, der wählt der, der die Erinnerung hat, die weniger schlimm ist und das ist der Chirurg, der ausgewählt werden wird.				
Es	SBJ	pron.pper	OLD					
ist								
eigentlich								
dasjenige	other	pron.pind						
,								
das								
Entscheidungen	OBJ_2	def-np.the	OLD					
trifft								
,								
denn								
wenn								
Sie	SBJ_2	pron.pper	OLD					
einen								
Patienten	OBJ_2	indef-np.a						
haben								
,								
der	SBJ_2							
,								
sagen								
wir	SBJ_2	pron	OLD					
zwei								
Darmspiegelungen	OBJ_2	indef-np.quant						
bei								
zwei								
unterschiedlichen								
Chirurgen	other_2	indef-np.quant						
hatte								
und								
sich	OBJ_3							
entscheidet								
,								
welchen	OBJ_4	pron.pint						
er	SBJ_4	pron.pper	OLD					
wählen								
soll								
,								
dann								
ist								
der	SBJ_4	pron	OLD					
,								
der	SBJ_6							
wählt								
der								
,								
der	SBJ_6							
die								
Erinnerung	OBJ_6	def-np.the	OLD					
hat								
,								
die	SBJ_7							
weniger								
schlimm								
ist								
und								
das	SBJ_7	pron	OLD					
ist								
der								
Chirurg	other_6	def-np.the	OLD					
,								
der	SBJ_8							
ausgewählt								
werden								
wird								
.							

# text = Das erlebende Selbst hat keine Stimme in dieser Wahl.				
Das								
erlebende								
Selbst	SBJ							
hat								
keine	other_2	pron	OLD					
Stimme	OBJ	indef-np.quant						
in								
dieser	other_2	pron.pds	OLD					
Wahl	other	def-np.dem	OLD					
.							

# text = Eigentlich wählen wir nicht zwischen Erlebnissen.				
Eigentlich								
wählen								
wir	SBJ	pron	OLD					
nicht								
zwischen								
Erlebnissen	other	indef-np.bare						
.							

# text = Wir wählen zwischen Erinnerungen an Erlebnisse.				
Wir	SBJ	pron	OLD					
wählen								
zwischen								
Erinnerungen	other	indef-np.bare						
an								
Erlebnisse	other_2	indef-np.bare						
.							

# text = Und selbst wenn wir an die Zukunft denken, denken wir an unsere Zukunft normalerweise nicht als Erlebnisse.				
Und								
selbst								
wenn								
wir	SBJ_2	pron	OLD					
an								
die								
Zukunft	other_2	def-np.the	OLD					
denken								
,								
denken								
wir	SBJ	pron	OLD					
an								
unsere	other_2	pron.ppos	OLD					
Zukunft	other	indef-np.bare						
normalerweise								
nicht								
als								
Erlebnisse	other	indef-np.bare						
.							

# text = Wir denken über unsere Zukunft nach als vorausgesehene Erinnerungen.				
Wir	SBJ	pron	OLD					
denken								
über								
unsere	other_2	pron.ppos	OLD					
Zukunft	other	indef-np.bare						
nach								
als								
vorausgesehene								
Erinnerungen	other	indef-np.bare						
.							

# text = Und im Grunde können				
Und								
in								
dem								
Grunde	other	def-np.the	OLD					
können							

# text = Sie das betrachten, wissen Sie, als eine Tyrannei des erinnernden Selbst, und Sie können sich das erinnernde Selbst denken als eins, das sozusagen das erlebende Selbst schleppt durch Erfahrungen, die das erlebende Selbst nicht braucht.				
Sie	SBJ	pron.pper	OLD					
das	OBJ	pron.pds	OLD					
betrachten								
,								
wissen								
Sie	SBJ_2	pron.pper	OLD					
,								
als								
eine								
Tyrannei	SBJ_3	indef-np.a						
des								
erinnernden								
Selbst								
,								
und								
Sie	other_4	pron.pper	OLD					
können								
sich	OBJ_3							
das								
erinnernde								
Selbst	SBJ_3							
denken								
als								
eins								
,								
das	SBJ_4							
sozusagen								
das								
erlebende								
Selbst	OBJ_4							
schleppt								
durch								
Erfahrungen	other_4	indef-np.bare						
,								
die	SBJ_6							
das								
erlebende								
Selbst	OBJ_6							
nicht								
braucht								
.							

# text = Ich habe den Eindruck, dass wenn wir Urlaub machen das sehr häufig der Fall ist, das heißt, wir machen Urlaub weitestgehend im Dienste des erinnernden Selbst.				
Ich	SBJ	pron.pper	OLD					
habe								
den								
Eindruck	OBJ	def-np.the	OLD					
,								
dass								
wenn								
wir	SBJ_3	pron	OLD					
Urlaub	OBJ_3	indef-np.bare						
machen								
das								
sehr								
häufig								
der								
Fall	other	def-np.the	OLD					
ist								
,								
das	SBJ_4	pron.pds	OLD					
heißt								
,								
wir	SBJ_3	pron	OLD					
machen								
Urlaub	OBJ_3	indef-np.bare						
weitestgehend								
in								
dem								
Dienste	other_3	def-np.the	OLD					
des								
erinnernden								
Selbst								
.							

# text = Und das ist ein bisschen schwer zu rechtfertigen, denke ich.				
Und								
das	SBJ_2	pron.pds	OLD					
ist								
ein								
bisschen								
schwer								
zu								
rechtfertigen								
,								
denke								
ich	SBJ	pron.pper	OLD					
.							

# text = Ich meine, wie sehr zehren wir von unseren Erinnerungen?				
Ich	SBJ	pron.pper	OLD					
meine	OBJ	pron	OLD					
,								
wie								
sehr								
zehren								
wir	SBJ_2	pron	OLD					
von								
unseren	other_2	pron.ppos	OLD					
Erinnerungen	other	indef-np.bare						
?							

# text = Das ist eine der Erklärungen, die für die Dominanz des erinnernden Selbst gegeben wird.				
Das	SBJ	pron.pds	OLD					
ist								
eine	other	pron.pind						
der								
Erklärungen	other	def-np.the	OLD					
,								
die	SBJ_3							
für								
die								
Dominanz	other_3	def-np.the	OLD					
des								
erinnernden								
Selbst								
gegeben								
wird								
.							

# text = Und wenn ich darüber nachdenke, denke ich an einen Urlaub, den wir vor ein paar Jahren in der Antarktis gemacht haben, der eindeutig der beste Urlaub war, den ich je gehabt hatte, und ich denke relativ oft daran im Verhältnis dazu, wie oft ich an andere Urlaube denke.				
Und								
wenn								
ich	SBJ_2	pron.pper	OLD					
darüber								
nachdenke								
,								
denke								
ich	SBJ	pron.pper	OLD					
an								
einen								
Urlaub	other	indef-np.a						
,								
den	OBJ_3							
wir	SBJ_3	pron	OLD					
vor								
ein								
paar	other_4	pron.pind						
Jahren	other_3	indef-np.a						
in								
der								
Antarktis	other_3	ne	OLD					
gemacht								
haben								
,								
der	SBJ_2							
eindeutig								
der								
beste								
Urlaub	other	def-np.the	OLD					
war								
,								
den	OBJ_3							
ich	SBJ_3	pron.pper	OLD					
je								
gehabt								
hatte								
,								
und								
ich	SBJ_2	pron.pper	OLD					
denke								
relativ								
oft								
daran								
in								
dem								
Verhältnis	other_2	def-np.the	OLD					
dazu								
,								
wie								
oft								
ich	SBJ_3	pron.pper	OLD					
an								
andere	other_4	pron	OLD					
Urlaube	other_3	indef-np.bare						
denke								
.							

# text = Und ich habe wahrscheinlich von meinen Erinnerungen an diese dreiwöchige Reise, ich würde sagen ungefähr 25 Minuten lang in den letzten vier Jahren gezehrt.				
Und								
ich	SBJ	pron.pper	OLD					
habe								
wahrscheinlich								
von								
meinen	other_2	pron.ppos	OLD					
Erinnerungen	other	indef-np.bare						
an								
diese	other_3	pron.pds	OLD					
dreiwöchige	other_3	pron	OLD					
Reise	other_2	def-np.dem	OLD					
,								
ich	SBJ_2	pron.pper	OLD					
würde								
sagen								
ungefähr								
25								
Minuten	other_3	indef-np.quant						
lang								
in								
den								
letzten								
vier								
Jahren	other	def-np.quant	OLD					
gezehrt								
.							

# text = Nun, wenn ich je den Ordner geöffnet hätte mit den 600 Bildern darin hätte ich eine weitere Stunde verbracht.				
Nun								
,								
wenn								
ich	SBJ_2	pron.pper	OLD					
je								
den								
Ordner	OBJ_2	def-np.the	OLD					
geöffnet								
hätte								
mit								
den								
600								
Bildern	other	def-np.quant	OLD					
darin								
hätte								
ich	SBJ	pron.pper	OLD					
eine								
weitere								
Stunde	OBJ	indef-np.a						
verbracht								
.							

# text = Nun, das sind drei Wochen, und das sind höchstens eineinhalb Stunden.				
Nun								
,								
das	SBJ	pron.pds	OLD					
sind								
drei								
Wochen	other	indef-np.quant						
,								
und								
das	SBJ_2	pron.pds	OLD					
sind								
höchstens								
eineinhalb								
Stunden	other	indef-np.quant						
.							

# text = Da scheint es eine Unstimmigkeit zu geben.				
Da								
scheint								
es	SBJ	pron.pper	OLD					
eine								
Unstimmigkeit	OBJ_2	indef-np.a						
zu								
geben								
.							

# text = Nun, ich mag ein bisschen extrem sein, wissen Sie, darin, wie wenig Appetit ich auf das Zehren von Erinnerungen habe, aber selbst, wenn Sie mehr davon machen gibt es eine echte Frage.				
Nun								
,								
ich	SBJ_2	pron.pper	OLD					
mag								
ein								
bisschen	SBJ_2	pron.pind						
extrem								
sein								
,								
wissen								
Sie	SBJ	pron.pper	OLD					
,								
darin	other	pron.padv	OLD					
,								
wie								
wenig								
Appetit	OBJ_2	ne	OLD					
ich	SBJ_2	pron.pper	OLD					
auf								
das								
Zehren	other_2	def-np.the	OLD					
von								
Erinnerungen	other_3	indef-np.bare						
habe								
,								
aber								
selbst								
,								
wenn								
Sie	SBJ_4	pron.pper	OLD					
mehr								
davon	other_4	pron.padv	OLD					
machen								
gibt								
es	SBJ_3	pron.pper	OLD					
eine								
echte								
Frage	OBJ_3	indef-np.a						
.							

# text = Warum geben wir Erinnerungen so viel Gewicht im Verlgeich zu dem Gewicht, das wir Erlebnissen geben?				
Warum								
geben								
wir	SBJ	pron	OLD					
Erinnerungen	SBJ_2	indef-np.bare						
so								
viel	other_2	pron.pind						
Gewicht	OBJ	indef-np.quant						
in								
dem								
Verlgeich	other	def-np.the	OLD					
zu	other_2	pron.pind						
dem								
Gewicht	other	def-np.the	OLD					
,								
das	OBJ_3							
wir	SBJ_3	pron	OLD					
Erlebnissen	OBJ_3	indef-np.bare						
geben								
?							

# text = Daher möchte ich, dass Sie über ein Gedankenexperiment nachdenken.				
Daher								
möchte								
ich	SBJ	pron.pper	OLD					
,								
dass								
Sie	SBJ_2	pron.pper	OLD					
über								
ein								
Gedankenexperiment	other_2	indef-np.a						
nachdenken								
.							

# text = Stellen Sie sich ihren nächsten Urlaub vor, Sie wissen, dass am Ende des Urlaubs alle Ihre Bilder vernichtet werden und Sie bekommen ein amnestisches Medikament, so dass Sie sich an nichts erinnern werden.				
Stellen	other_2	indef-np.bare						
Sie	SBJ	pron.pper	OLD					
sich	OBJ							
ihren								
nächsten								
Urlaub	OBJ	indef-np						
vor								
,								
Sie	other	pron.pper	OLD					
wissen								
,								
dass								
an								
dem								
Ende	other_2	def-np.the	OLD					
des								
Urlaubs	other_3	def-np.the	OLD					
alle	other_4	pron.pind						
Ihre	other_3	indef-np.quant						
Bilder	OBJ_2	indef-np.bare						
vernichtet								
werden								
und								
Sie	SBJ_3	pron.pper	OLD					
bekommen								
ein								
amnestisches								
Medikament	OBJ_3	indef-np.a						
,								
so								
dass								
Sie	SBJ_3	pron.pper	OLD					
sich	OBJ_3							
an								
nichts	other_3	pron	OLD					
erinnern								
werden								
.							

# text = Nun, würden Sie den gleichen Urlaub wählen?				
Nun								
,								
würden								
Sie	SBJ	pron.pper	OLD					
den								
gleichen								
Urlaub	OBJ	def-np.the	OLD					
wählen								
?							

# text = (Gelächter) Und wenn Sie einen anderen Urlaub wählen würden, gibt es einen Konflikt zwischen Ihren beiden Arten des Selbst und Sie müssen darüber nachdenken, wie Sie diesen Konflikt entscheiden und das ist wirklich überhaupt nicht offensichtlich, denn wenn Sie im Sinne von Zeit denken bekommen Sie eine Antwort.				
(								
Gelächter	SBJ	indef-np.bare						
)								
Und								
wenn								
Sie	SBJ_3	pron.pper	OLD					
einen								
anderen								
Urlaub	OBJ_3	indef-np.a						
wählen								
würden								
,								
gibt								
es								
einen								
Konflikt	OBJ	indef-np.a						
zwischen								
Ihren	other_3	pron.ppos	OLD					
beiden								
Arten	other_2	def-np.quant	OLD					
des								
Selbst								
und								
Sie	SBJ_2	pron.pper	OLD					
müssen								
darüber								
nachdenken								
,								
wie								
Sie	SBJ_2	pron.pper	OLD					
diesen	other_3	pron.pds	OLD					
Konflikt	OBJ_2	def-np.dem	OLD					
entscheiden								
und								
das	SBJ_2	pron.pds	OLD					
ist								
wirklich								
überhaupt								
nicht								
offensichtlich								
,								
denn								
wenn								
Sie	SBJ_4	pron.pper	OLD					
in								
dem								
Sinne	other_4	def-np.the	OLD					
von								
Zeit	other_4	indef-np.bare						
denken								
bekommen								
Sie	SBJ_3	pron.pper	OLD					
eine								
Antwort	OBJ_3	indef-np.a						
.							

# text = Und wenn Sie im Sinne von Erinnerungen denken könnten Sie eine andere Antwort bekommen.				
Und								
wenn								
Sie	SBJ_2	pron.pper	OLD					
in								
dem								
Sinne	other_2	def-np.the	OLD					
von								
Erinnerungen	other_2	indef-np.bare						
denken								
könnten								
Sie	SBJ	pron.pper	OLD					
eine								
andere								
Antwort	OBJ	indef-np.a						
bekommen								
.							

# text = Warum wir die Urlaube aussuchen, die wir aussuchen ist ein Problem, das sich uns stellt mit einer Wahl zwischen den beiden Arten des Selbst.				
Warum								
wir	SBJ_2	pron	OLD					
die								
Urlaube	OBJ_2	def-np.the	OLD					
aussuchen								
,								
die	OBJ_2							
wir	SBJ_2	pron	OLD					
aussuchen								
ist								
ein								
Problem	other	indef-np.a						
,								
das	SBJ_2							
sich	OBJ_2							
uns	OBJ_2	pron	OLD					
stellt								
mit								
einer								
Wahl	other_2	indef-np.a						
zwischen								
den								
beiden								
Arten	other_3	def-np.quant	OLD					
des								
Selbst								
.							

# text = Nun, die beiden Arten des Selbst werfen zwei Begriffe vom Glück auf.				
Nun								
,								
die								
beiden								
Arten	SBJ	def-np.quant	OLD					
des								
Selbst	other_2	def-np.the	OLD					
werfen								
zwei								
Begriffe	SBJ	indef-np.quant						
von								
dem								
Glück	other_2	def-np.the	OLD					
auf								
.							

# text = Es gibt tatsächlich zwei Konzepte vom Glück, die wir anwenden können, eines pro Selbst.				
Es	SBJ	pron.pper	OLD					
gibt								
tatsächlich								
zwei								
Konzepte	OBJ	indef-np.quant						
von								
dem								
Glück	other_2	def-np.the	OLD					
,								
die	OBJ_5							
wir	SBJ_5	pron	OLD					
anwenden								
können								
,								
eines	other_3	pron	OLD					
pro								
Selbst								
.							

# text = Sie können also fragen: Wie glücklich ist das erlebende Selbst?				
Sie	SBJ	pron.pper	OLD					
können								
also								
fragen								
:								
Wie								
glücklich								
ist								
das								
erlebende								
Selbst	SBJ_2							
?							

# text = Und dann würden Sie fragen: Wie glücklich sind die Augenblicke im Leben des erlebenden Selbst?				
Und								
dann								
würden								
Sie	SBJ	pron.pper	OLD					
fragen								
:								
Wie								
glücklich								
sind								
die								
Augenblicke	SBJ	def-np.the	OLD					
in								
dem								
Leben	other_2	def-np.the	OLD					
des								
erlebenden								
Selbst								
?							

# text = Und sie sind alle -- Glück für Augenblicke ist ein ziemlich komplizierter Prozess.				
Und								
sie	SBJ	pron	OLD					
sind								
alle	other_2	pron.pind						
_								
Glück	SBJ	ne	OLD					
für								
Augenblicke	other_2	ne	OLD					
ist								
ein								
ziemlich								
komplizierter								
Prozess	other	indef-np.a						
.							

# text = Welches sind die Emotionen, die gemessen werden können?				
Welches	SBJ							
sind								
die								
Emotionen	other	def-np.the	OLD					
,								
die	SBJ_2							
gemessen								
werden								
können								
?							

# text = Und, nebenbei, wir sind nun imstande eine ziemlich gute Vorstellung zu bekommen vom Glück des erlebenden Selbst über die Zeit.				
Und								
,								
nebenbei								
,								
wir	SBJ	pron	OLD					
sind								
nun								
imstande								
eine								
ziemlich								
gute								
Vorstellung	OBJ	indef-np.a						
zu								
bekommen								
von								
dem								
Glück	other	def-np.the	OLD					
des								
erlebenden								
Selbst								
über								
die								
Zeit	other_2	def-np.the	OLD					
.							

# text = Wenn Sie nach dem Glück des erinnernden Selbst fragen ist es eine ganz andere Sache.				
Wenn								
Sie	SBJ_2	pron.pper	OLD					
nach								
dem								
Glück	other_2	def-np.the	OLD					
des								
erinnernden								
Selbst								
fragen								
ist								
es	SBJ	pron.pper	OLD					
eine								
ganz								
andere								
Sache	other	indef-np.a						
.							

# text = Das handelt nicht davon, wie glücklich eine Person lebt.				
Das	SBJ	pron.pds	OLD					
handelt								
nicht								
davon								
,								
wie								
glücklich								
eine								
Person	SBJ_2	indef-np.a						
lebt								
.							

# text = Es handelt davon, wie zufrieden oder erfreut die Person ist, wenn diese Person über ihr Leben nachdenkt.				
Es	SBJ	pron.pper	OLD					
handelt								
davon	other_2	pron.padv	OLD					
,								
wie								
zufrieden								
oder								
erfreut								
die								
Person	OBJ	def-np.the	OLD					
ist								
,								
wenn								
diese	other_3	pron.pds	OLD					
Person	SBJ_2	def-np.dem	OLD					
über								
ihr								
Leben	other_2	indef-np						
nachdenkt								
.							

# text = Sehr unterschiedlicher Begriff.				
Sehr								
unterschiedlicher								
Begriff	other	indef-np.bare						
.							

# text = Jeder, der diese Begriffe nicht unterscheidet wird die Erforschung des Glücks vermasseln, und ich gehöre zu einer Menge von Forschern über Wohlbefinden, die die Erforschung des Glücks lange vermasselt haben auf genau diese Art.				
Jeder	other_2	pron.pind						
,								
der	SBJ_4							
diese	other_5	pron.pds	OLD					
Begriffe	OBJ_4	def-np.dem	OLD					
nicht								
unterscheidet								
wird								
die								
Erforschung	OBJ	def-np.the	OLD					
des								
Glücks	other_2	def-np.the	OLD					
vermasseln								
,								
und								
ich	SBJ_2	pron.pper	OLD					
gehöre								
zu	other_3	pron.pind						
einer								
Menge	other_2	indef-np.a						
von								
Forschern	other_3	indef-np.bare						
über								
Wohlbefinden	other_4	indef-np.bare						
,								
die	SBJ_6							
die								
Erforschung	OBJ_6	def-np.the	OLD					
des								
Glücks	other_7	def-np.the	OLD					
lange								
vermasselt								
haben								
auf								
genau								
diese	other_3	pron.pds	OLD					
Art	other_2	def-np.dem	OLD					
.							

# text = Die Unterscheidung zwischen dem Glück des erlebenden Selbst und der Zufriedenheit des erinnernden Selbst ist in den letzten Jahren erkannt worden, und jetzt bemüht man sich, die beiden separat zu messen.				
Die								
Unterscheidung	SBJ	def-np.the	OLD					
zwischen								
dem								
Glück	other_2	def-np.the	OLD					
des								
erlebenden								
Selbst								
und								
der								
Zufriedenheit	other_3	def-np.the	OLD					
des								
erinnernden								
Selbst								
ist								
in								
den								
letzten								
Jahren	other	def-np.the	OLD					
erkannt								
worden								
,								
und								
jetzt								
bemüht								
man	SBJ_2	pron.pind						
sich	OBJ_2							
,								
die								
beiden	SBJ_3	pron.pind						
separat								
zu								
messen								
.							

# text = Die Gallup Organization hat eine weltweite Umfrage, bei der mehr als einer halben Million Leute Fragen gestellt worden sind darüber, was sie über ihr Leben denken und über ihre Erlebnisse.				
Die								
Gallup	SBJ	ne	OLD					
Organization								
hat								
eine								
weltweite								
Umfrage	OBJ	indef-np.a						
,								
bei								
der								
mehr								
als								
einer								
halben								
Million	other_3	indef-np.a						
Leute								
Fragen	other_2	ne	OLD					
gestellt								
worden								
sind								
darüber								
,								
was	SBJ_3	pron	OLD					
sie	SBJ_3	pron	OLD					
über								
ihr								
Leben	other_3	indef-np						
denken								
und								
über								
ihre								
Erlebnisse	other_3	indef-np						
.							

# text = Und es gab andere Bemühungen in der Richtung.				
Und								
es								
gab								
andere	other_2	pron	OLD					
Bemühungen	SBJ	indef-np.bare						
in								
der								
Richtung	other	def-np.the	OLD					
.							

# text = In den letzten Jahren haben wir also angefangen, über das Glück der beiden Arten des Selbst zu lernen.				
In								
den								
letzten								
Jahren	other	def-np.the	OLD					
haben								
wir	SBJ	pron	OLD					
also								
angefangen								
,								
über								
das								
Glück	other_2	def-np.the	OLD					
der								
beiden								
Arten	other_3	def-np.quant	OLD					
des								
Selbst								
zu								
lernen								
.							

# text = Und die hauptsächliche Lektion, die wir, glaube ich, gelernt haben ist, dass sie wirklich unterschiedlich sind.				
Und								
die								
hauptsächliche								
Lektion	SBJ	def-np.the	OLD					
,								
die	OBJ_3							
wir	SBJ_5	pron	OLD					
,								
glaube								
ich	SBJ_3	pron.pper	OLD					
,								
gelernt								
haben								
ist								
,								
dass								
sie	SBJ_2	pron	OLD					
wirklich								
unterschiedlich								
sind								
.							

# text = Sie können wissen, wie zufrieden jemand mit seinem Leben ist, und das lehrt sie wirklich nicht viel darüber, wie glücklich er sein Leben lebt und umgekehrt.				
Sie	SBJ	pron.pper	OLD					
können								
wissen								
,								
wie								
zufrieden								
jemand	SBJ_2	pron.pind						
mit								
seinem								
Leben	other_3	indef-np						
ist								
,								
und								
das	OBJ_2	pron.pds	OLD					
lehrt								
sie	SBJ_2	pron	OLD					
wirklich								
nicht								
viel	OBJ_2	pron	OLD					
darüber								
,								
wie								
glücklich								
er	SBJ_3	pron.pper	OLD					
sein								
Leben	SBJ_3	indef-np						
lebt								
und								
umgekehrt								
.							

# text = Nur um Ihnen einen Eindruck von der Korrelation zu vermitteln, die Korrelation ist ungefähr .5.				
Nur								
um								
Ihnen	other	pron.pper	OLD					
einen								
Eindruck	OBJ	indef-np.a						
von								
der								
Korrelation	other_2	def-np.the	OLD					
zu								
vermitteln								
,								
die								
Korrelation	SBJ_2	def-np.the	OLD					
ist								
ungefähr								
.5.							

# text = Was das bedeutet ist, dass wenn Sie jemanden treffen würden und man würde Ihnen sagen, oh, sein Vater ist ein Zwei-Meter-Mann, wie viel würden Sie über seine Größe wissen?				
Was	SBJ	pron	OLD					
das	SBJ							
bedeutet								
ist								
,								
dass								
wenn								
Sie	SBJ_2	pron.pper	OLD					
jemanden	OBJ_2	pron.pind						
treffen								
würden								
und								
man	SBJ_2	pron.pind						
würde								
Ihnen	OBJ_2	pron.pper	OLD					
sagen								
,								
oh								
,								
sein								
Vater	SBJ_3	indef-np						
ist								
ein								
Zwei								
_								
Meter								
_								
Mann	other_2	indef-np.a						
,								
wie								
viel	other_4	pron	OLD					
würden								
Sie	SBJ_4	pron.pper	OLD					
über								
seine								
Größe	other_4	indef-np						
wissen								
?							

# text = Nun, Sie würden etwas über seine Größe wissen, aber es gibt viel Unsicherheit.				
Nun								
,								
Sie	SBJ	pron.pper	OLD					
würden								
etwas								
über								
seine								
Größe	other	indef-np						
wissen								
,								
aber								
es								
gibt								
viel								
Unsicherheit	OBJ_2	indef-np.quant						
.							

# text = Sie haben so viel Unsicherheit.				
Sie	SBJ	pron.pper	OLD					
haben								
so								
viel								
Unsicherheit	OBJ	indef-np.quant						
.							

# text = Wenn ich Ihnen sage, dass jemand sein Leben als acht auf einer Skala von zehn eingeordnet hat haben Sie viel Unsicherheit darüber, wie glücklich er ist mit seinem erlebenden Selbst.				
Wenn								
ich	SBJ_5	pron.pper	OLD					
Ihnen	OBJ_5	pron.pper	OLD					
sage								
,								
dass								
jemand	SBJ_6	pron.pind						
sein								
Leben	OBJ_6	indef-np						
als								
acht								
auf								
einer								
Skala	other_6	indef-np.a						
von								
zehn								
eingeordnet								
hat								
haben								
Sie	SBJ_3	pron.pper	OLD					
viel								
Unsicherheit	other	ne	OLD					
darüber								
,								
wie								
glücklich								
er	SBJ	pron.pper	OLD					
ist								
mit								
seinem								
erlebenden								
Selbst								
.							

# text = Die Korrelation ist also gering.				
Die								
Korrelation	SBJ	def-np.the	OLD					
ist								
also								
gering								
.							

# text = Wir wissen etwas darüber, was die Zufriedenheit des Glücks-Selbst bestimmt.				
Wir	SBJ	pron	OLD					
wissen								
etwas	OBJ	pron	OLD					
darüber								
,								
was	SBJ_3	pron	OLD					
die								
Zufriedenheit	OBJ_3	def-np.poss	OLD					
des								
Glücks	other_4	ne	OLD					
_								
Selbst								
bestimmt								
.							

# text = Wir wissen, dass Geld sehr wichtig ist, Ziele sind sehr wichtig.				
Wir	SBJ	pron	OLD					
wissen								
,								
dass								
Geld	SBJ_2	indef-np.bare						
sehr								
wichtig								
ist								
,								
Ziele	SBJ_2	indef-np.bare						
sind								
sehr								
wichtig								
.							

# text = Wir wissen, dass Glück hauptsächlich bedeutet, zufrieden zu sein mit Menschen, die wir mögen, Zeit zu verbringen mit Menschen, die wir mögen.				
Wir	SBJ	pron	OLD					
wissen								
,								
dass								
Glück	SBJ_2	ne	OLD					
hauptsächlich								
bedeutet								
,								
zufrieden								
zu								
sein								
mit								
Menschen	other_2	indef-np.bare						
,								
die	SBJ_4							
wir	SBJ_4	pron	OLD					
mögen								
,								
Zeit	OBJ_5	indef-np.bare						
zu								
verbringen								
mit								
Menschen	other_5	indef-np.bare						
,								
die	OBJ_7							
wir	SBJ_7	pron	OLD					
mögen								
.							

# text = Es gibt andere Vergnügen, aber das ist dominant.				
Es								
gibt								
andere	other_2	pron.pind						
Vergnügen	SBJ	indef-np.bare						
,								
aber								
das	SBJ_3	pron.pds	OLD					
ist								
dominant								
.							

# text = Wenn Sie also das Glück der beiden Arten des Selbst maximieren wollen werden Sie am Ende sehr unterschiedliche Dinge tun.				
Wenn								
Sie	SBJ_2	pron.pper	OLD					
also								
das								
Glück	OBJ_2	def-np.the	OLD					
der								
beiden								
Arten	other_3	def-np.quant	OLD					
des								
Selbst	other_4	def-np.the	OLD					
maximieren								
wollen								
werden								
Sie	SBJ	pron.pper	OLD					
an								
dem								
Ende	other	def-np.the	OLD					
sehr								
unterschiedliche								
Dinge	OBJ	indef-np.bare						
tun								
.							

# text = Die Schlussfolgerung aus dem, was ich hier gesagt habe ist, dass wir uns Glück wirklich nicht vorstellen sollten als einen Ersatz für Wohlbefinden.				
Die								
Schlussfolgerung	other	def-np.the	OLD					
aus								
dem								
,								
was	OBJ_3	pron	OLD					
ich	SBJ_3	pron.pper	OLD					
hier								
gesagt								
habe								
ist								
,								
dass								
wir	SBJ_4	pron	OLD					
uns	OBJ_4	pron	OLD					
Glück	SBJ_4	ne	OLD					
wirklich								
nicht								
vorstellen								
sollten								
als								
einen								
Ersatz	other_3	indef-np.a						
für								
Wohlbefinden	other_4	indef-np.bare						
.							

# text = Es ist ein komplett anderer Begriff.				
Es	SBJ	pron.pper	OLD					
ist								
ein								
komplett								
anderer								
Begriff	other	indef-np.a						
.							

# text = Nun, ganz kurz, ein anderer Grund, aus dem wir nicht klar über Glück nachdenken können ist, dass wir nicht auf die selben Dinge achten wenn wir über das Leben nachdenken und wenn wir tatsächlich leben.				
Nun								
,								
ganz								
kurz								
,								
ein								
anderer								
Grund	SBJ	indef-np.a						
,								
aus								
dem								
wir	SBJ_3	pron	OLD					
nicht								
klar								
über								
Glück	other_3	ne	OLD					
nachdenken								
können								
ist								
,								
dass								
wir	SBJ	pron	OLD					
nicht								
auf								
die								
selben								
Dinge	other	def-np.the	OLD					
achten								
wenn								
wir	SBJ_2	pron	OLD					
über								
das								
Leben	other_2	def-np.the	OLD					
nachdenken								
und								
wenn								
wir	SBJ_2	pron	OLD					
tatsächlich								
leben								
.							

# text = Wenn Sie also die einfache Frage stellen, wie glücklich die Leute in Kalifornien sind werden Sie nicht die korrekte Antwort bekommen.				
Wenn								
Sie	SBJ	pron.pper	OLD					
also								
die								
einfache								
Frage	OBJ	def-np.the	OLD					
stellen								
,								
wie								
glücklich								
die								
Leute	SBJ_3	def-np.the	OLD					
in								
Kalifornien	other_3	ne	OLD					
sind								
werden								
Sie	SBJ_2	pron.pper	OLD					
nicht								
die								
korrekte								
Antwort	OBJ_2	def-np.the	OLD					
bekommen								
.							

# text = Wenn Sie diese Frage stellen denken Sie, dass die Leute in Kalifornien glücklicher sein müssen wenn Sie, sagen wir, in Ohio leben.				
Wenn								
Sie	SBJ_2	pron.pper	OLD					
diese	other_3	pron.pds	OLD					
Frage	OBJ_2	def-np.dem	OLD					
stellen								
denken								
Sie	SBJ	pron.pper	OLD					
,								
dass								
die								
Leute	SBJ_2	def-np.the	OLD					
in								
Kalifornien	other_2	ne	OLD					
glücklicher								
sein								
müssen								
wenn								
Sie	SBJ_2	pron.pper	OLD					
,								
sagen								
wir	SBJ_2	pron	OLD					
,								
in								
Ohio	other_3	ne	OLD					
leben								
.							

# text = (Gelächter) Und was passiert ist, dass wenn Sie über das Leben in Kalifornien nachdenken, denken Sie an den Unterschied zwischen Kalifornien und anderen Orten, und dieser Unterschied besteht, sagen wir, im Klima.				
(								
Gelächter	other_2	indef-np.bare						
)								
Und								
was	SBJ	pron	OLD					
passiert								
ist								
,								
dass								
wenn								
Sie	SBJ_2	pron.pper	OLD					
über								
das								
Leben	other_2	def-np.the	OLD					
in								
Kalifornien	other_3	ne	OLD					
nachdenken								
,								
denken								
Sie	SBJ_2	pron.pper	OLD					
an								
den								
Unterschied	other_2	def-np.the	OLD					
zwischen								
Kalifornien	other_3	ne	OLD					
und								
anderen								
Orten	other_4	indef-np.bare						
,								
und								
dieser	other_4	pron.pds	OLD					
Unterschied	SBJ_3	def-np.dem	OLD					
besteht								
,								
sagen								
wir	SBJ_2	pron	OLD					
,								
in								
dem								
Klima	other_2	def-np.the	OLD					
.							

# text = Nun, es stellt sich heraus, dass Klima nicht sehr wichtig für das erlebende Selbst ist, und es ist nicht einmal sehr wichtig für das nachdenkliche Selbst, das entscheidet, wie glücklich Leute sind.				
Nun								
,								
es	SBJ	pron.pper	OLD					
stellt								
sich	OBJ							
heraus								
,								
dass								
Klima	SBJ_2	indef-np.bare						
nicht								
sehr								
wichtig								
für								
das								
erlebende								
Selbst								
ist								
,								
und								
es								
ist								
nicht								
einmal								
sehr								
wichtig								
für								
das								
nachdenkliche								
Selbst								
,								
das	SBJ_2	pron.pds	OLD					
entscheidet								
,								
wie								
glücklich								
Leute	other_2	indef-np.bare						
sind								
.							

# text = Nun aber, weil das nachdenkliche Selbst verantwortlich ist, können Sie am Ende -- einige Leute könnten am Ende nach Kalifornien ziehen.				
Nun								
aber								
,								
weil								
das								
nachdenkliche								
Selbst	SBJ_2							
verantwortlich								
ist								
,								
können								
Sie	SBJ	pron.pper	OLD					
an								
dem								
Ende	other	def-np.the	OLD					
_								
einige	other_2	pron.pind						
Leute	SBJ	indef-np.quant						
könnten								
an								
dem								
Ende	other	def-np.the	OLD					
nach								
Kalifornien	other	ne	OLD					
ziehen								
.							

# text = Und es ist sozusagen interessant zu verfolgen, was passiert mit Leuten, die nach Kalifornien ziehen in der Hoffnung, glücklicher zu werden.				
Und								
es								
ist								
sozusagen								
interessant								
zu								
verfolgen								
,								
was	SBJ_2	pron	OLD					
passiert								
mit								
Leuten	other_2	indef-np.bare						
,								
die	SBJ_4							
nach								
Kalifornien	other_4	ne	OLD					
ziehen								
in								
der								
Hoffnung	other_4	def-np.the	OLD					
,								
glücklicher	other_6	indef-np.bare						
zu								
werden								
.							

# text = Nun, ihr erlebendes Selbst wird nicht glücklicher werden.				
Nun								
,								
ihr								
erlebendes								
Selbst	SBJ							
wird								
nicht								
glücklicher								
werden								
.							

# text = Wir wissen das.				
Wir	SBJ	pron	OLD					
wissen								
das	OBJ							
.							

# text = Aber eine Sache wird passieren.				
Aber								
eine								
Sache	SBJ	indef-np.a						
wird								
passieren								
.							

# text = Sie werden denken, dass sie glücklicher sind, denn wenn sie darüber nachdenken werden sie daran erinnert werden, wie schrecklich das Wetter in Ohio war.				
Sie	SBJ	pron.pper	OLD					
werden								
denken								
,								
dass								
sie	SBJ_3	pron	OLD					
glücklicher								
sind								
,								
denn								
wenn								
sie	SBJ_2	pron	OLD					
darüber								
nachdenken								
werden								
sie	SBJ_2	pron	OLD					
daran								
erinnert								
werden								
,								
wie								
schrecklich								
das								
Wetter	other	def-np.the	OLD					
in								
Ohio	other_2	ne	OLD					
war								
.							

# text = Und sie werden spüren, dass sie die richtige Entscheidung getroffen haben.				
Und								
sie	SBJ	pron	OLD					
werden								
spüren								
,								
dass								
sie	SBJ_2	pron	OLD					
die								
richtige								
Entscheidung	OBJ_2	def-np.the	OLD					
getroffen								
haben								
.							

# text = Es ist sehr schwierig, klar über Wohlbefinden nachzudenken, und ich hoffe, ich habe Ihnen einen Eindruck davon vermittelt, wie schwierig es ist.				
Es	SBJ	pron.pper	OLD					
ist								
sehr								
schwierig								
,								
klar								
über								
Wohlbefinden	other_2	indef-np.bare						
nachzudenken								
,								
und								
ich	SBJ_2	pron.pper	OLD					
hoffe								
,								
ich	SBJ_3	pron.pper	OLD					
habe								
Ihnen	OBJ_3	pron.pper	OLD					
einen								
Eindruck	OBJ_3	indef-np.a						
davon								
vermittelt								
,								
wie								
schwierig								
es	SBJ_4	pron.pper	OLD					
ist								
.							

# text = Danke.				
Danke	other	indef-np.bare						
.							

# text = (Beifall) Chris Anderson: Danke.				
(								
Beifall	other	indef-np.bare						
)								
Chris	other	ne	OLD					
Anderson								
:								
Danke	other	ne	OLD					
.							

# text = Ich habe eine Frage an Sie.				
Ich	SBJ	pron.pper	OLD					
habe								
eine								
Frage	OBJ	indef-np.a						
an								
Sie	other_2	pron.pper	OLD					
.							

# text = Vielen Dank.				
Vielen								
Dank	other	indef-np.quant						
.							

# text = Nun, als wir vor ein paar Wochen telefoniert haben erwähnten Sie mir gegenüber, dass es ein ziemlich interessantes Ergebnis gab, das aus dieser Gallup Umfrage kam.				
Nun								
,								
als								
wir	SBJ_2	pron	OLD					
vor								
ein								
paar	other_3	pron.pind						
Wochen	other_2	indef-np.a						
telefoniert								
haben								
erwähnten								
Sie	SBJ	pron.pper	OLD					
mir	OBJ	pron.pper	OLD					
gegenüber								
,								
dass								
es								
ein								
ziemlich								
interessantes								
Ergebnis	OBJ_2	indef-np.a						
gab								
,								
das	SBJ_2							
aus								
dieser	other_3	pron.pds	OLD					
Gallup	other_2	def-np.dem	OLD					
Umfrage	SBJ_2	indef-np.bare						
kam								
.							

# text = Ist das etwas, woran Sie uns teilhaben lassen können, weil Sie jetzt ein paar Minuten übrig haben?				
Ist								
das								
etwas	other_2	pron	OLD					
,								
woran								
Sie	SBJ	pron.pper	OLD					
uns	OBJ	pron	OLD					
teilhaben								
lassen								
können								
,								
weil								
Sie	SBJ_2	pron.pper	OLD					
jetzt								
ein								
paar	other_3	pron.pind						
Minuten	OBJ_2	indef-np.a						
übrig								
haben								
?							

# text = Daniel Kahneman:				
Daniel	other	ne	OLD					
Kahneman								
:							

# text = Sicher.				
Sicher	other	indef-np.bare						
.							

# text = I denke, das interessanteste Ergebnis, das wir in der Gallup Umfrage gefunden haben ist eine Zahl, die wir absolut nicht zu finden erwartet hatten.				
I	SBJ	pron	OLD					
denke								
,								
das								
interessanteste								
Ergebnis	SBJ_2	def-np.the	OLD					
,								
das	OBJ_4							
wir	SBJ_4	pron	OLD					
in								
der								
Gallup	other_4	ne	OLD					
Umfrage								
gefunden								
haben								
ist								
eine								
Zahl	OBJ	indef-np.a						
,								
die	OBJ_4							
wir	SBJ_4	pron	OLD					
absolut								
nicht								
zu								
finden								
erwartet								
hatten								
.							

# text = Wir fanden das im Hinblick auf das Glück des erlebenden Selbst.				
Wir	SBJ	pron	OLD					
fanden								
das								
in								
dem								
Hinblick	other	def-np.dem	OLD					
auf								
das								
Glück	other_2	def-np.the	OLD					
des								
erlebenden								
Selbst								
.							

# text = Wenn wir uns anschauten, wie Gefühle mit dem Einkommen variieren.				
Wenn								
wir	SBJ	pron	OLD					
uns	OBJ	pron	OLD					
anschauten								
,								
wie								
Gefühle	other_2	indef-np.bare						
mit								
dem								
Einkommen	other_3	def-np.the	OLD					
variieren								
.							

# text = Und es stellt sich heraus, dass unter einem Einkommen von 60.000 Dollar im Jahr, für Amerikaner, und das ist eine sehr große Stichprobe von Amerikanern, ungefähr 600.000, aber es ist eine große repräsentative Stichprobe, unter einem Einkommen von 600.000 Dollar im Jahr CA: 60.000.				
Und								
es	SBJ	pron.pper	OLD					
stellt								
sich	OBJ							
heraus								
,								
dass								
unter								
einem								
Einkommen	other	indef-np.a						
von								
60.000								
Dollar	other_2	ne	OLD					
in								
dem								
Jahr	other_2	def-np.the	OLD					
,								
für								
Amerikaner	other_3	indef-np.bare						
,								
und								
das	SBJ_3	pron.pds	OLD					
ist								
eine								
sehr								
große								
Stichprobe	other_2	indef-np.a						
von								
Amerikanern	other_3	ne	OLD					
,								
ungefähr								
600.000								
,								
aber								
es	SBJ_3	pron.pper	OLD					
ist								
eine								
große								
repräsentative								
Stichprobe	other_2	indef-np.a						
,								
unter								
einem								
Einkommen	other_2	indef-np.a						
von								
600.000								
Dollar	other_3	indef-np.quant						
in								
dem								
Jahr	other_4	def-np.the	OLD					
CA	other_3	ne	OLD					
:								
60.000								
.							

# text = DK: 60.000.				
DK	other	ne	OLD					
:								
60.000								
.							

# text = 60.000 Dollar im Jahr sind die Leute unglücklich, und sie werden zunehmend unglücklicher, je ärmer sie werden.				
60.000								
Dollar	SBJ	indef-np.quant						
in								
dem								
Jahr	other_2	def-np.the	OLD					
sind								
die								
Leute	SBJ	def-np.the	OLD					
unglücklich								
,								
und								
sie	SBJ_2	pron	OLD					
werden								
zunehmend								
unglücklicher								
,								
je								
ärmer								
sie	SBJ_2	pron	OLD					
werden								
.							

# text = Darüber bekommen wir eine absolut flache Linie.				
Darüber								
bekommen								
wir	SBJ	pron	OLD					
eine								
absolut								
flache								
Linie	OBJ	indef-np.a						
.							

# text = Ich meine, ich habe selten so flache Linien gesehen.				
Ich	SBJ	pron.pper	OLD					
meine	other	pron	OLD					
,								
ich	SBJ_2	pron.pper	OLD					
habe								
selten								
so								
flache								
Linien	OBJ_2	indef-np.bare						
gesehen								
.							

# text = Was passiert, ist offensichtlich, dass Geld einem kein Erlebnis-Glück beschafft, aber dass Mangel an Geld einem sicherlich Elend beschafft, und wir können dieses Elend sehr, sehr klar messen.				
Was	SBJ_2	pron	OLD					
passiert								
,								
ist								
offensichtlich								
,								
dass								
Geld	SBJ_2	indef-np.bare						
einem								
kein	other_3	pron	OLD					
Erlebnis								
_								
Glück	SBJ_2	indef-np.a						
beschafft								
,								
aber								
dass								
Mangel	SBJ_3	ne	OLD					
an								
Geld	other_3	indef-np.bare						
einem								
sicherlich								
Elend	OBJ_3	indef-np.a						
beschafft								
,								
und								
wir	SBJ_2	pron	OLD					
können								
dieses	other_3	pron.pds	OLD					
Elend	OBJ_2	def-np.dem	OLD					
sehr								
,								
sehr								
klar								
messen								
.							

# text = Im Sinne des anderen Selbst, des erinnernden Selbst, bekommen Sie eine andere Geschichte.				
In								
dem								
Sinne	other	def-np.the	OLD					
des								
anderen								
Selbst								
,								
des								
erinnernden								
Selbst								
,								
bekommen								
Sie	SBJ	pron.pper	OLD					
eine								
andere								
Geschichte	OBJ	indef-np.a						
.							

# text = Je mehr Geld man verdient desto zufriedener ist man.				
Je								
mehr								
Geld	SBJ	indef-np.bare						
man	SBJ	pron.pind						
verdient								
desto								
zufriedener								
ist								
man	SBJ	pron.pind						
.							

# text = Das gilt nicht für Emotionen.				
Das	SBJ	pron.pds	OLD					
gilt								
nicht								
für								
Emotionen	other	indef-np.bare						
.							

# text = CA: Aber Danny, im gesamten amerikanischen Bestreben geht es um Leben, Freiheit, das Streben nach Glückseligkeit.				
CA								
:								
Aber	SBJ	ne	OLD					
Danny								
,								
in								
dem								
gesamten								
amerikanischen								
Bestreben	other	def-np.the	OLD					
geht								
es								
um								
Leben	other	indef-np.bare						
,								
Freiheit	other_2	indef-np.bare						
,								
das								
Streben	SBJ	def-np.the	OLD					
nach								
Glückseligkeit	other_2	indef-np.bare						
.							

# text = Wenn Leute diesen Befund ernst nehmen würden, ich meine, es scheint alles auf den Kopf zu stellen, alles, was wir glauben, zum Beispiel in Bezug auf Steuerpolitik und so weiter.				
Wenn								
Leute	SBJ_2	indef-np.bare						
diesen	other_3	pron.pds	OLD					
Befund	OBJ_2	def-np.dem	OLD					
ernst								
nehmen								
würden								
,								
ich	SBJ_3	pron.pper	OLD					
meine	other_4	pron.ppos	OLD					
,								
es	SBJ_3	pron.pper	OLD					
scheint								
alles	OBJ_3	pron.pind						
auf								
den								
Kopf	other_4	def-np.the	OLD					
zu								
stellen								
,								
alles	other	pron.pind						
,								
was	OBJ_2	pron	OLD					
wir	SBJ_2	pron	OLD					
glauben								
,								
zu	other_3	pron.pind						
dem								
Beispiel	other_2	def-np.the	OLD					
in								
Bezug	other_3	indef-np.bare						
auf								
Steuerpolitik	other_4	indef-np.bare						
und								
so								
weiter								
.							

# text = Gibt es eine Chance, dass Politiker, dass das Land generell einen Befund wie den ernst nehmen würde und darauf basierend Politik machen würde?				
Gibt								
es	SBJ	pron.pper	OLD					
eine								
Chance	OBJ_2	indef-np.a						
,								
dass								
Politiker	SBJ_2	indef-np.bare						
,								
dass								
das								
Land	SBJ_3	def-np.the	OLD					
generell								
einen								
Befund	OBJ_3	indef-np.a						
wie								
den								
ernst								
nehmen								
würde								
und								
darauf								
basierend								
Politik	other_2	indef-np.bare						
machen								
würde								
?							

# text = DK: Wissen Sie, ich glaube, dass es Anerkennung gibt für die Rolle der Glücksforschung in der Politik.				
DK	other	ne	OLD					
:								
Wissen	SBJ_2	ne	OLD					
Sie	OBJ_2	pron.pper	OLD					
,								
ich	SBJ_2	pron.pper	OLD					
glaube								
,								
dass								
es								
Anerkennung	SBJ_3	indef-np.bare						
gibt								
für								
die								
Rolle	other_3	def-np.the	OLD					
der								
Glücksforschung	other_4	def-np.the	OLD					
in								
der								
Politik	other_5	def-np.the	OLD					
.							

# text = Die Anerkennung wird langsam sein in den Vereinigten Staaten, keine Frage, aber im Vereinigten Königreich passiert sie gerade und in anderen Ländern passiert sie gerade.				
Die								
Anerkennung	SBJ	def-np.the	OLD					
wird								
langsam								
sein								
in								
den								
Vereinigten								
Staaten	other	ne	OLD					
,								
keine	other_2	pron	OLD					
Frage	other	indef-np.quant						
,								
aber								
in								
dem								
Vereinigten								
Königreich	other	ne	OLD					
passiert								
sie	SBJ	pron	OLD					
gerade								
und								
in								
anderen								
Ländern	other_2	indef-np.bare						
passiert								
sie	SBJ_2	pron	OLD					
gerade								
.							

# text = Die Leute sind dabei, anzuerkennen, dass sie an Glück denken sollten, wenn sie an Politik denken.				
Die								
Leute	SBJ	def-np.the	OLD					
sind								
dabei	other	pron.padv	OLD					
,								
anzuerkennen								
,								
dass								
sie	SBJ_3	pron	OLD					
an								
Glück	other_3	indef-np.bare						
denken								
sollten								
,								
wenn								
sie	SBJ_4	pron	OLD					
an								
Politik	other_4	indef-np.bare						
denken								
.							

# text = Es wird eine Weile dauern, und die Leute werden diskutieren, ob sie Erlebnis-Glück erforschen wollen oder ob sie Lebens-Bewertung erforschen wollen, also müssen wir diese Diskussion ziemlich bald führen.				
Es								
wird								
eine								
Weile	OBJ	indef-np.a						
dauern								
,								
und								
die								
Leute	OBJ_2	def-np.the	OLD					
werden								
diskutieren								
,								
ob								
sie	SBJ_3	pron	OLD					
Erlebnis								
_								
Glück	OBJ_3	indef-np.bare						
erforschen								
wollen								
oder								
ob								
sie	SBJ_4	pron	OLD					
Lebens								
_								
Bewertung	OBJ_4	indef-np.bare						
erforschen								
wollen								
,								
also								
müssen								
wir	SBJ_3	pron	OLD					
diese	other_4	pron.pds	OLD					
Diskussion	OBJ_3	def-np.dem	OLD					
ziemlich								
bald								
führen								
.							

# text = Wie man Glück steigern kann geht sehr unterschiedlich abhängig davon, wie Sie denken und ob Sie an das erinnernde Selbst denken oder ob Sie an das erlebende Selbst denken.				
Wie								
man	SBJ_2	pron.pind						
Glück	OBJ_2	indef-np.bare						
steigern								
kann								
geht								
sehr								
unterschiedlich								
abhängig								
davon								
,								
wie								
Sie	SBJ_2	pron.pper	OLD					
denken								
und								
ob								
Sie	SBJ_3	pron.pper	OLD					
an								
das								
erinnernde								
Selbst								
denken								
oder								
ob								
Sie	SBJ_4	pron.pper	OLD					
an								
das								
erlebende								
Selbst								
denken								
.							

# text = Das wird Politik beeinflussen, denke ich, in den kommenden Jahren.				
Das	SBJ							
wird								
Politik	OBJ	indef-np.bare						
beeinflussen								
,								
denke								
ich	SBJ_2	pron.pper	OLD					
,								
in								
den								
kommenden								
Jahren	other_2	def-np.the	OLD					
.							

# text = In den Vereinigten Staaten strengt man sich an, das Erlebnis-Glück der Bevölkerung zu messen.				
In								
den								
Vereinigten								
Staaten	other	ne	OLD					
strengt								
man	SBJ	pron.pind						
sich	OBJ							
an								
,								
das								
Erlebnis								
_								
Glück	OBJ_2	def-np.the	OLD					
der								
Bevölkerung	other_3	def-np.the	OLD					
zu								
messen								
.							

# text = Das wird, denke ich, in den nächsten ein oder zwei Jahrzehnten Teil der nationalen Statistik sein.				
Das	SBJ							
wird								
,								
denke								
ich	SBJ	pron.pper	OLD					
,								
in								
den								
nächsten								
ein								
oder								
zwei								
Jahrzehnten	other_3	indef-np.quant						
Teil	other	def-np.quant	OLD					
der								
nationalen								
Statistik	other_2	def-np.the	OLD					
sein								
.							

# text = CA: Nun, es scheint mir, dieses Thema wird, oder sollte wenigstens die interessanteste politische Debatte zum Verfolgen sein über die nächsten paar Jahre.				
CA								
:								
Nun	other	ne	OLD					
,								
es	SBJ	pron.pper	OLD					
scheint								
mir	OBJ	pron.pper	OLD					
,								
dieses	other_3	pron.pds	OLD					
Thema	SBJ_2	def-np.dem	OLD					
wird								
,								
oder								
sollte								
wenigstens								
die								
interessanteste								
politische								
Debatte	SBJ_2	def-np.the	OLD					
zu	other_4	pron.pind						
dem								
Verfolgen	other_3	def-np.the	OLD					
sein								
über								
die								
nächsten								
paar	other_3	pron.pind						
Jahre	other_2	indef-np.quant						
.							

# text = Vielen Dank für die Erfindung der Verhaltensökonomie.				
Vielen								
Dank	other	indef-np.quant						
für								
die								
Erfindung	other	def-np.the	OLD					
der								
Verhaltensökonomie	other_2	def-np.the	OLD					
.							

# text = Danke, Danny Kahneman.				
Danke	other	indef-np.bare						
,								
Danny	other	ne	OLD					
Kahneman								
.							



