# text = La démocratie est en difficulté, aucun doute là-dessus, et cela est dû en partie au profond dilemme dans laquelle elle est enfermée.				
La					1	La		
démocratie	SBJ	def-np.the	OLD		2	démocratie	set_1	
est					3	est	set_1	
en					4	en		
difficulté	other	indef-np.bare			5	difficulté	set_1	
,					6	,		
aucun					7	aucun		
doute	other	indef-np			8	doute		
là-dessus					9	là-dessus	set_1	
,					10	,		
et					11	et		
cela	SBJ_2	pron.pds	OLD		12	cela	set_1	
est					13	est		
dû					14	dû		
en					15	en		
partie	other_2	indef-np.bare			16	partie		
à								
le					17	le		
profond					18	profond		
dilemme	other_2	def-np.the	OLD		19	dilemme		
dans					20	dans		
laquelle					21	laquelle	set_3	
elle	SBJ_4	pron.pper	OLD		22	elle	set_3	
est					23	est		
enfermée					24	enfermée		
.				25	.	
		
# text = Elle est de plus en plus inapte à prendre des décisions en ce qui concerne les pandémies globales, un problème transfrontalier, ou sur le Sida, un problème transnational, ou encore sur les marchés ou l'immigration, qui s'étendent au-delà des frontières nationales, sur le terrorisme, la guerre, tous devenus aujourd'hui des problèmes transfrontaliers.	
Elle	SBJ	pron.pper	OLD		1	Elle	set_3	
est					2	est		
de					3	de		
plus					4	plus		
en					5	en		
plus					6	plus		
inapte					7	inapte		
à					8	à		
prendre					9	prendre		
de								
les								
décisions	other_2	def-np.the	OLD		11	décisions		
en								
ce	other_2	pron.pds	OLD		13	ce		
qui	SBJ_4							
concerne								
les								
pandémies	OBJ_4	def-np.the	OLD					
globales								
,								
un								
problème	other_5	indef-np.a						
transfrontalier								
,								
ou								
sur								
le								
Sida	other_5	ne	OLD					
,								
un								
problème	other_5	indef-np.a						
transnational								
,								
ou								
encore								
sur								
les								
marchés	other_2	def-np.the	OLD		37	marchés	set_5	
ou								
l'								
immigration	other_3	def-np.the	OLD					
,								
qui	SBJ_4							
s'								
étendent								
au-delà								
de								
les								
frontières	other_5	def-np.the	OLD					
nationales								
,								
sur								
le								
terrorisme	other_3	def-np.the	OLD					
,								
la								
guerre	other_4	def-np.the	OLD					
,								
tous	other_3	pron	OLD					
devenus								
aujourd'hui								
de								
les								
problèmes	other_5	def-np.the	OLD					
transfrontaliers								
.				63	.	
		
# text = En réalité, nous vivons au XXIe siècle dans un monde d'interdépendance, et de terribles problèmes interdépendants, et quand on cherche des solutions dans la politique ou dans la démocratie, on se trouve face à des institutions politiques conçues il y a 400 ans, des Etats-Nations autonomes et souverains, avec des juridictions et des territoires distincts les uns des autres, chacun prétendant être capable de résoudre les problèmes de son propre peuple.	
En					1	En		
réalité	other	indef-np.bare			2	réalité		
,					3	,		
nous	SBJ	pron.pper	OLD		4	nous		
vivons					5	vivons		
à								
le								
XXIe								
siècle	other	def-np.the	OLD					
dans								
un								
monde	other	indef-np.a			11	monde		
d'								
interdépendance	other_2	indef-np.bare						
,								
et								
de								
terribles								
problèmes	other	indef-np.a			18	problèmes		
interdépendants								
,								
et								
quand								
on	SBJ_4	pron	OLD					
cherche								
de					26	de		
les					65	les		
solutions	other_4	def-np.the	OLD					
dans								
la								
politique	other_4	def-np.the	OLD					
ou								
dans								
la								
démocratie	other_5	def-np.the	OLD					
,								
on	SBJ_3	pron	OLD					
se					8	siècle		
trouve								
face								
à								
de								
les								
institutions	other_3	def-np.the	OLD					
politiques								
conçues								
il	other_4	pron.pper	OLD					
y	other_5	pron	OLD					
a								
400								
ans	other_3	indef-np.quant						
,								
de								
les								
Etats-Nations	other_3	def-np.the	OLD					
autonomes								
et								
souverains	other_5	indef-np.bare						
,								
avec								
de								
les								
juridictions	other_3	def-np.the	OLD					
et								
de								
les								
territoires	other_4	def-np.the	OLD					
distincts								
les								
uns	OBJ_3	def-np.the	OLD					
de								
les								
autres	other_4	def-np.the	OLD		68	autres		
,					69	,		
chacun	SBJ_4	pron	OLD		70	chacun	set_8	
prétendant								
être								
capable					73	capable		
de								
résoudre								
les					76	les		
problèmes	OBJ_6	def-np.poss	OLD					
de								
son	other_8	pron.ppos	OLD					
propre								
peuple	other_7	def-np.poss	OLD		81	peuple		
.				82	.	
		
# text = Le XXIe siècle, un monde transnational de problèmes et de menaces, avec des institutions politiques du XVIIe siècle.	
Le					1	Le		
XXIe					2	XXIe		
siècle	other	def-np.the	OLD		3	siècle	set_9	
,					4	,		
un					5	un		
monde	other	indef-np.a			6	monde		
transnational					7	transnational		
de					8	de		
problèmes	other_2	indef-np.bare			9	problèmes		
et					10	et		
de					11	de		
menaces	other_3	indef-np.bare			12	menaces		
,					13	,		
avec								
de								
les								
institutions	other	def-np.the	OLD		16	institutions		
politiques								
de								
le								
XVIIe								
siècle	other_2	def-np.the	OLD					
.				21	.	
		
# text = Dans ce dilemme se trouve le problème central de la démocratie.	
Dans					1	Dans		
ce					2	ce		
dilemme	other	def-np.dem	OLD		3	dilemme	set_9	
se					4	se	set_9	
trouve					5	trouve		
le					6	le		
problème	SBJ	def-np.the	OLD		7	problème		
central					8	central		
de					9	de		
la					10	la		
démocratie	other_2	def-np.the	OLD		11	démocratie		
.				12	.	
		
# text = Comme beaucoup d'autres, j'ai réfléchi à ce qu'on pouvait y faire, à cette asymétrie entre les défis du XXIe siècle et des institutions archaïques et fonctionnant de moins en moins bien, comme les Etats Nations.	
Comme					1	Comme		
beaucoup					2	beaucoup		
d'					3	d'		
autres	other_2	pron	OLD		4	autres		
,					5	,		
j'	SBJ	pron.pper	OLD		6	j'		
ai					7	ai		
réfléchi					8	réfléchi		
à					9	à		
ce	other	pron.pds	OLD		10	ce		
qu'	OBJ_3				11	qu'		
on	SBJ_3	pron	OLD		12	on		
pouvait					13	pouvait		
y	OBJ_4	pron	OLD		14	y	set_9	
faire					15	faire		
,					16	,		
à					17	à		
cette					18	cette		
asymétrie	other	def-np.dem	OLD		19	asymétrie	set_9	
entre					20	entre		
les					21	les		
défis	other_2	def-np.the	OLD		22	défis		
de								
le								
XXIe								
siècle	other_3	def-np.the	OLD		25	siècle		
et								
de								
les								
institutions	other_4	def-np.the	OLD					
archaïques								
et								
fonctionnant					31	fonctionnant	set_9	
de					32	de	set_9	
moins								
en								
moins								
bien								
,					37	,		
comme					38	comme		
les					39	les	set_203	
Etats	other_2	def-np.the	OLD					
Nations	other_3	indef-np.bare			41	Nations	set_203	
.				42	.	
		
# text = Je propose de changer de sujet, d'arrêter de parler de nations, de frontières nationales, et de commencer à parler des grandes villes.	
Je	SBJ	pron.pper	OLD		1	Je		
propose					2	propose		
de					3	de		
changer					4	changer		
de					5	de		
sujet	other_2	indef-np.bare			6	sujet		
,					7	,		
d'					8	d'		
arrêter					9	arrêter		
de					10	de		
parler					11	parler		
de					12	de		
nations	other_4	indef-np.bare			13	nations		
,					14	,		
de					15	de		
frontières	other_5	indef-np.bare			16	frontières		
nationales					17	nationales		
,					18	,		
et					19	et		
de					20	de		
commencer					21	commencer		
à					22	à		
parler					23	parler		
de					24	de		
les								
grandes					25	grandes		
villes	other_4	def-np.the	OLD		26	villes		
.				27	.	
		
# text = Car je crois que vous allez découvrir que quand on parle de grandes villes, on parle des institutions politiques dans lesquelles la civilisation et la culture sont nées.	
Car					1	Car		
je	SBJ	pron.pper	OLD		2	je		
crois					3	crois		
que					4	que		
vous	SBJ_2	pron.pper	OLD		5	vous		
allez					6	allez		
découvrir					7	découvrir		
que					8	que		
quand					9	quand		
on	SBJ_5	pron	OLD		10	on		
parle					11	parle		
de					12	de		
grandes					13	grandes		
villes	OBJ_5	indef-np.a			14	villes		
,					15	,		
on	SBJ_4	pron	OLD		16	on		
parle					17	parle		
de								
les								
institutions	other_4	def-np.the	OLD		19	institutions	set_181	
politiques								
dans					21	dans		
lesquelles					22	lesquelles	set_181	
la					23	la		
civilisation	SBJ_5	def-np.the	OLD		24	civilisation		
et					25	et		
la					26	la		
culture	other_6	def-np.the	OLD		27	culture		
sont					28	sont		
nées					29	nées		
.				30	.	
		
# text = On parle du creuset de la démocratie.	
On	SBJ	pron	OLD		1	On		
parle					2	parle		
de					3	de		
le								
creuset	other	def-np.the	OLD		4	creuset		
de					5	de		
la					6	la		
démocratie	other_2	def-np.the	OLD		7	démocratie		
.				8	.	
		
# text = On parle du cadre dans lequel s'inscrivent ces espaces publics où l'on se réunit pour créer la démocratie et, en même temps, pour protester contre ceux qui veulent nous priver de liberté.	
On	SBJ	pron	OLD		1	On		
parle					2	parle		
de								
le								
cadre	other	def-np.the	OLD		4	cadre	set_14	
dans								
lequel								
s'								
inscrivent								
ces								
espaces	SBJ_3	def-np.dem	OLD					
publics								
où								
l'	SBJ_5							
on	other_6	pron	OLD					
se	OBJ_5	pron.pper	OLD					
réunit								
pour								
créer								
la								
démocratie	OBJ_6	def-np.the	OLD					
et								
,					26	,		
en								
même								
temps	other_7	indef-np.bare						
,								
pour					27	pour		
protester								
contre					29	contre		
ceux	other_8	pron.pds	OLD		30	ceux	set_15	
qui	SBJ_10				31	qui	set_15	
veulent					32	veulent		
nous	OBJ_11	pron.pper	OLD		33	nous		
priver					34	priver		
de					35	de		
liberté	other_11	indef-np.bare			36	liberté		
.				37	.	
		
# text = Pensez à quelques noms célèbres : la place de la Bastille, le Parc Zuccotti, la place Tahrir, la place Taksim, aujourd'hui à la une des journaux d'Istanbul, ou encore, la place Tien'Anmen, à Pékin.	
Pensez					1	Pensez		
à					2	à		
quelques					3	quelques		
noms	other	indef-np			4	noms		
célèbres					5	célèbres		
:					6	:		
la					7	la		
place	other_2	def-np.poss	OLD		8	place	set_16	
de					9	de		
la					10	la		
Bastille	other_3	ne	OLD		11	Bastille		
,					12	,		
le					13	le		
Parc	other_3	ne	OLD		14	Parc		
Zuccotti	other_4	ne	OLD		15	Zuccotti		
,					16	,		
la					17	la		
place	other_3	def-np.the	OLD		18	place		
Tahrir	other_4	ne	OLD		19	Tahrir		
,					20	,		
la					21	la		
place	other_3	def-np.the	OLD		22	place		
Taksim	other_4	ne	OLD		23	Taksim		
,					24	,		
aujourd'hui					25	aujourd'hui		
à					26	à		
la					27	la		
une	other_3	pron	OLD		28	une		
de								
les								
journaux	other_4	def-np.poss	OLD		30	journaux		
d'								
Istanbul	other_5	ne	OLD					
,								
ou								
encore								
,								
la								
place	other_3	def-np.the	OLD		38	place		
Tien'Anmen	other_4	ne	OLD					
,					41	,		
à					42	à		
Pékin	other_3	ne	OLD		43	Pékin		
.				44	.	
		
# text = (Applaudissements)	
(					1	(		
Applaudissements	other	indef-np.bare						
)							
	
# text = Ce sont les espaces publics où nous proclamons que nous sommes des citoyens, des participants, des individus avec le droit d'écrire notre propre histoire.				
Ce	SBJ	pron.pds	OLD		1	Ce	set_16	
sont					2	sont		
les					3	les		
espaces	other	def-np.the	OLD		4	espaces	set_182	
publics					5	publics		
où					6	où	set_182	
nous	SBJ_2	pron.pper	OLD		7	nous		
proclamons					8	proclamons		
que								
nous	SBJ_3	pron.pper	OLD					
sommes								
de								
les								
citoyens	other_2	def-np.the	OLD		13	citoyens		
,								
de								
les								
participants	other_3	def-np.the	OLD					
,								
de								
les								
individus	other_3	def-np.the	OLD					
avec								
le								
droit	other_4	def-np.the	OLD					
d'								
écrire								
notre	other_7	pron.ppos	OLD					
propre								
histoire	OBJ_6	def-np.poss	OLD					
.				28	.	
		
# text = Les cités ne sont pas seulement les plus anciennes institutions, elles sont les plus résistantes.	
Les					1	Les		
cités	SBJ	def-np.the	OLD		2	cités	set_17	
ne					3	ne		
sont					4	sont		
pas					5	pas		
seulement					6	seulement		
les					7	les		
plus					8	plus		
anciennes					9	anciennes		
institutions	other	def-np.the	OLD		10	institutions		
,					11	,		
elles	SBJ_2	pron.pper	OLD		12	elles	set_17	
sont					13	sont		
les					14	les		
plus					15	plus		
résistantes					16	résistantes		
.				17	.	
		
# text = Réfléchissez-y : Constantinople, Istanbul, bien plus ancienne que la Turquie.	
Réfléchissez					1	Réfléchissez		
-y	OBJ	pron	OLD		2	-y		
:								
Constantinople	other_2	ne	OLD		4	Constantinople	set_19	
*.*					14	.	
**						
*Alexandrie*					1	Alexandrie	set_19	
,					2	,		
Istanbul	other_3	ne	OLD					
,								
bien					3	bien		
plus					4	plus		
ancienne					5	ancienne		
que					6	que		
*l'*					7	l'		
*Egypte*					8	Egypte		
*.*					9	.	
**						
*Rome*					1	Rome	set_19	
*,*					2	,		
*beaucoup*					3	beaucoup		
*plus*					4	plus		
*vieille*					5	vieille		
*que*					6	que		
*l'*					7	l'		
*Italie*					8	Italie		
*.*					9	.	
**						
*Les*					1	Les		
*villes*					2	villes	set_23	
*résistent*					3	résistent		
*le*					4	le		
*temps*					5	temps		
*.*					6	.	
**						
*C'*					1	C'		
*est*					2	est		
*là*					3	là	set_23	
*que*					4	que	set_23	
*nous*					5	nous		
*sommes*					6	sommes		
*nés*					7	nés		
*,*					8	,		
*là*					9	là	set_23	
*où*					10	où	set_23	
*nous*					11	nous		
*grandissons*					12	grandissons		
*,*					13	,		
*où*					14	où	set_23	
*nous*					15	nous		
*étudions*					16	étudions		
*,*					17	,		
*travaillons*					18	travaillons		
*,*					19	,		
*nous*					20	nous		
*marions*					21	marions		
*,*					22	,		
*là*					23	là	set_23	
*où*					24	où	set_23	
*nous*					25	nous		
*prions*					26	prions		
*,*					27	,		
*jouons*					28	jouons		
*,*					29	,		
*vieillissons*					30	vieillissons		
*et*					31	et		
*,*					32	,		
*finalement*					33	finalement		
*,*					34	,		
*mourons*					35	mourons		
*.*					36	.	
**						
*Elles*					1	Elles	set_23	
*sont*					2	sont		
*notre*					3	notre		
*foyer*					4	foyer		
*.*					5	.	
**						
*Très*					1	Très		
*différentes*					2	différentes		
*Etats-Nations*					5	Etats-Nations	set_24	
*.*					12	.	
**						
*On*					1	On		
*paie*					2	paie	set_183	
*impôts*					4	impôts		
*vote*					7	vote		
*regarde*					14	regarde		
*sans*					28	sans	set_183	
*.*					30	.	
**						
*Rien*					1	Rien		
*de*					2	de		
*tout*					3	tout		
*cela*					4	cela	set_183	
*dans*					5	dans		
*ces*					6	ces		
*foyers*					7	foyers	set_23	
*que*					8	que		
*sont*					9	sont		
*nos*					10	nos		
*villes*					11	villes	set_186	
*,*					12	,		
*et*					13	et	set_186	
*les*					14	les		
*cités*					15	cités	set_186	
*dans*					16	dans		
*lesquelles*					17	lesquelles	set_186	
*nous*					18	nous		
*vivons*					19	vivons	set_23	
*.*					20	.	
**						
*De*					1	De		
*plus*					2	plus		
*,*					3	,		
*aujourd'hui*					4	aujourd'hui		
*,*					5	,		
*plus*					6	plus		
*de*					7	de		
*moitié*					8	moitié		
*de*					9	de		
la					10	la		
Turquie	other_4	ne	OLD					
.							

# text = Alexandrie, bien plus ancienne que l'Egypte.				
Alexandrie	other	ne	OLD					
,								
bien								
plus								
ancienne								
que								
l'								
Egypte	other_2	ne	OLD					
.							

# text = Rome, beaucoup plus vieille que l'Italie.				
Rome	other	ne	OLD					
,								
beaucoup								
plus								
vieille								
que								
l'								
Italie	other_2	ne	OLD					
.							

# text = Les villes résistent au temps.				
Les								
villes	SBJ	def-np.the	OLD					
résistent								
à								
le								
temps	other	def-np.the	OLD					
.							

# text = C'est là que nous sommes nés, là où nous grandissons, où nous étudions, travaillons, nous marions, là où nous prions, jouons, vieillissons et, finalement, mourons.				
C'								
est								
là								
que								
nous	SBJ_2	pron.pper	OLD					
sommes								
nés								
,								
là								
où								
nous	SBJ_3	pron.pper	OLD					
grandissons								
,								
où								
nous	SBJ_4	pron.pper	OLD					
étudions								
,								
travaillons	other_5	indef-np.bare						
,								
nous	other_6	pron.pper	OLD					
marions	other_5	indef-np.bare						
,								
là								
où								
nous								
prions	OBJ_3	indef-np.bare						
,								
jouons	other_4	indef-np.bare						
,								
vieillissons	other_4	indef-np.bare						
et								
,								
finalement								
,								
mourons	other_4	indef-np.bare						
.							

# text = Elles sont notre foyer.				
Elles	SBJ	pron.pper	OLD					
sont								
notre	other	pron.ppos	OLD					
foyer	other	def-np.poss	OLD					
.							

# text = Très différentes des Etats-Nations, qui sont des abstractions.				
Très								
différentes								
de								
les								
Etats-Nations	other	def-np.the	OLD					
,								
qui	SBJ_3							
sont								
de								
les								
abstractions	other_2	def-np.the	OLD					
.							

# text = On paie des impôts, on vote de temps en temps, on regarde les hommes et les femmes qu'on a élus gouverner plus ou moins sans nous.				
On	SBJ	pron	OLD					
paie								
de								
les								
impôts	other	def-np.the	OLD					
,								
on	SBJ_2	pron	OLD					
vote								
de								
temps	other_2	indef-np.bare						
en								
temps	other_3	indef-np.bare						
,								
on	SBJ_2	pron	OLD					
regarde								
les								
hommes	OBJ_2	def-np.the	OLD					
et								
les								
femmes	other_3	def-np.the	OLD					
qu'	OBJ_5							
on	SBJ_4	pron	OLD					
a								
élus								
gouverner								
plus								
ou								
moins								
sans								
nous	other_4	pron.pper	OLD					
.							

# text = Rien de tout cela dans ces foyers que sont nos villes, et les cités dans lesquelles nous vivons.				
Rien	other	pron	OLD					
de								
tout								
cela	other	pron.pds	OLD					
dans								
ces								
foyers	other_2	def-np.dem	OLD					
que	SBJ_4							
sont								
nos	other_4	pron.ppos	OLD					
villes	other_3	def-np.poss	OLD					
,								
et								
les								
cités	SBJ_2	def-np.the	OLD					
dans								
lesquelles								
nous	OBJ_2	pron.pper	OLD					
vivons								
.							

# text = De plus, aujourd'hui, plus de moitié de la population mondiale vit en ville.				
De								
plus								
,								
aujourd'hui								
,								
plus	SBJ							
de								
moitié	other_2	indef-np.bare						
de								
la								
population	other_3	def-np.the	OLD		11	population		
mondiale					12	mondiale		
vit					13	vit	set_27	
en					14	en		
ville	other	indef-np.bare			15	ville		
.				16	.	
		
# text = Dans les pays industrialisés, c'est 78 pour cent.	
Dans					1	Dans		
les					2	les		
pays	other	def-np.the	OLD		3	pays		
industrialisés					4	industrialisés		
,					5	,		
c'	SBJ	pron.pds	OLD		6	c'	set_27	
est					7	est		
78					8	78		
pour					9	pour		
cent					10	cent		
.				11	.	
		
# text = Plus de 3 personnes sur 4 vivent aujourd'hui dans des communautés urbaines, des sites urbanisés, ou des villes.	
Plus	SBJ				1	Plus		
de					2	de		
3					3	3		
personnes	other_2	indef-np.quant			4	personnes		
sur					5	sur		
4					6	4		
vivent					7	vivent		
aujourd'hui					8	aujourd'hui		
dans								
de								
les								
communautés	other	def-np.the	OLD		11	communautés		
urbaines								
,								
de								
les								
sites	other	def-np.the	OLD		15	sites		
urbanisés								
,								
ou								
de								
les								
villes	other_2	def-np.the	OLD					
.				21	.	
		
# text = Les villes sont l'endroit où les choses se passent.	
Les					1	Les		
villes	SBJ	def-np.the	OLD		2	villes		
sont					3	sont		
l'					4	l'		
endroit	other	def-np.the	OLD		5	endroit	set_187	
où					6	où	set_187	
les					7	les		
choses	SBJ_2	def-np.the	OLD		8	choses	set_28	
se					9	se	set_28	
passent					10	passent		
.				11	.	
		
# text = Les villes, c'est nous.	
Les					1	Les		
villes	other	def-np.the	OLD		2	villes		
,					3	,		
c'	SBJ	pron.pds	OLD		4	c'		
est					5	est		
nous	other	pron.pper	OLD		6	nous		
.				7	.	
		
# text = Aristote disait, dans l'Antiquité : l'homme est un animal politique.	
Aristote	SBJ	ne	OLD					
disait					2	disait		
,								
dans								
l'					15	l'		
Antiquité	other	ne	OLD					
:								
l'								
homme	SBJ_3	def-np.the	OLD					
est								
un								
animal	other_2	indef-np.a						
politique								
.							
	
# text = Je dis que nous sommes un animal urbain.				
Je	SBJ	pron.pper	OLD		1	Je		
dis					2	dis		
que					3	que		
nous	SBJ_2	pron.pper	OLD		4	nous		
sommes					5	sommes		
un					6	un		
animal	other	indef-np.a			7	animal		
urbain					8	urbain		
.				9	.	
		
# text = Nous sommes une espèce urbaine, dans notre élément en ville.	
Nous	SBJ	pron.pper	OLD		1	Nous		
sommes					2	sommes		
une					3	une		
espèce	other	indef-np.a			4	espèce		
urbaine					5	urbaine		
,					6	,		
dans					7	dans		
notre	other_2	pron.ppos	OLD		8	notre		
élément	other	def-np.poss	OLD		9	élément		
en					10	en		
ville	other_2	indef-np.bare			11	ville		
.				12	.	
		
# text = Alors revenons à notre dilemme.	
Alors					1	Alors		
revenons					2	revenons		
à					3	à		
notre	other_2	pron.ppos	OLD		4	notre		
dilemme	other	def-np.poss	OLD		5	dilemme	set_9	
.				6	.	
		
# text = Si le dilemme est que nous avons de vieux Etats-Nations politiques incapables de gouverner le monde, de répondre aux menaces à l'échelle mondiale comme le changement climatique, alors il est peut-être temps pour les maires de gouverner le monde, pour les maires, les citoyens, et toutes les personnes qu'ils représentent, de s'engager dans la gouvernance mondiale.	
Si								
le								
dilemme	SBJ_2	def-np.the	OLD					
est								
que								
nous	SBJ_3	pron.pper	OLD					
avons								
de								
vieux								
Etats-Nations	other_2	indef-np.a						
politiques								
incapables								
de								
gouverner								
le								
monde	OBJ_4	def-np.the	OLD					
,								
de								
répondre								
à								
les								
menaces	other_3	def-np.the	OLD					
à								
l'								
échelle	other_3	def-np.the	OLD					
mondiale								
comme								
le								
changement	other_3	def-np.the	OLD					
climatique								
,								
alors								
il	SBJ	pron.pper	OLD					
est								
peut-être								
temps	other	indef-np.bare			36	temps		
pour								
les								
maires	other	def-np.the	OLD					
de								
gouverner								
le								
monde	OBJ_3	def-np.the	OLD					
,								
pour								
les								
maires	other	def-np.the	OLD					
,								
les								
citoyens	other	def-np.the	OLD					
,								
et								
toutes								
les								
personnes	other	def-np.the	OLD					
qu'	OBJ_3							
ils	SBJ_3	pron.pper	OLD					
représentent								
,								
de								
s'								
engager								
dans								
la								
gouvernance	other_2	def-np.the	OLD					
mondiale								
.							
	
# text = Quand je dis « Si les maires gouvernaient le monde », lorsque j'ai dit ça pour la première fois, il m'est apparu qu'en réalité, ils le font déjà.				
Quand					1	Quand		
je	SBJ_2	pron.pper	OLD		2	je		
dis					3	dis		
«					4	«		
Si					5	Si		
les					6	les		
maires	SBJ_3	def-np.the	OLD		7	maires	set_34	
gouvernaient					8	gouvernaient	set_35	
le					9	le		
monde	OBJ_3	def-np.the	OLD		10	monde		
»					11	»		
,					12	,		
lorsque					13	lorsque		
j'	SBJ_3	pron.pper	OLD		14	j'		
ai					15	ai		
dit					16	dit		
ça	OBJ_3	pron.pds	OLD		17	ça	set_35	
pour					18	pour		
la					19	la		
première					20	première		
fois	other_3	def-np.the	OLD		21	fois		
,					22	,		
il	SBJ	pron.pper	OLD		23	il		
m'	OBJ	pron.pper	OLD		24	m'		
est					25	est		
apparu					26	apparu		
qu'					27	qu'		
en					28	en		
réalité	other_2	indef-np.bare			29	réalité		
,					30	,		
ils	SBJ_2	pron.pper	OLD		31	ils	set_34	
le	OBJ_2	pron.pper	OLD		32	le	set_36	
font					33	font		
déjà					34	déjà		
.				35	.	
		
# text = Il y a un grand nombre d'institutions internationales, intercités, transfrontalières, des réseaux de villes dans lesquelles elles sont déjà en train de s'attaquer ensemble, assez tranquillement, dans les coulisses, au changement climatique, à l'insécurité, à l'immigration, à résoudre tous ces difficiles problèmes interdépendants auxquels nous sommes confrontés.	
Il					1	Il		
y					2	y		
a					3	a		
un					4	un		
grand					5	grand		
nombre	OBJ	indef-np.a			6	nombre		
d'					7	d'		
institutions	other_2	indef-np.bare			8	institutions	set_41	
internationales					9	internationales		
,					10	,		
intercités	other_2	indef-np.bare			11	intercités	set_41	
,					12	,		
transfrontalières	other_2	indef-np.bare			13	transfrontalières	set_41	
,								
de								
les								
réseaux	other_2	def-np.the	OLD		16	réseaux	set_38	
de								
villes	other_3	indef-np.bare						
dans								
lesquelles								
elles	SBJ_4	pron.pper	OLD					
sont								
déjà								
en								
train	other_3	indef-np.bare						
de								
s'								
attaquer								
ensemble								
,								
assez								
tranquillement					32	tranquillement	set_43	
,								
dans								
les								
coulisses	other	def-np.the	OLD		36	coulisses	set_43	
,								
à								
le								
changement	other_2	def-np.the	OLD					
climatique								
,								
à								
l'								
insécurité	other_2	def-np.the	OLD					
,								
à								
l'								
immigration	other_2	def-np.the	OLD					
,								
à								
résoudre					51	résoudre	set_43	
tous								
ces								
difficiles								
problèmes	OBJ_2	def-np.dem	OLD					
interdépendants								
à								
lesquels								
nous	SBJ_3	pron.pper	OLD					
sommes								
confrontés								
.				61	.	
		
# text = Elles ont des noms étranges : UCLG, Cités et Gouvernements Locaux Unis, ICLEI, Conseil International pour les Initiatives Écologiques Locales.	
Elles	SBJ	pron.pper	OLD		1	Elles	set_41	
ont					2	ont		
de								
les								
noms	other	def-np.the	OLD		4	noms		
étranges								
:								
UCLG	other_2	ne	OLD					
,								
Cités	other_3	ne	OLD					
et								
Gouvernements	other_3	ne	OLD					
Locaux	other_4	ne	OLD					
Unis	other_4	ne	OLD					
,								
ICLEI	other_3	ne	OLD					
,								
Conseil	other_3	ne	OLD					
International	other_4	ne	OLD					
pour								
les								
Initiatives	other_3	ne	OLD					
Écologiques	other_4	ne	OLD					
Locales	other_4	ne	OLD					
.				24	.	
		
# text = Et la liste continue : Citynet en Asie, City Protocol, une nouvelle organisation née à Barcelone, qui utilise le web pour échanger les meilleures pratiques entre pays.	
Et					1	Et		
la					2	la		
liste	SBJ	def-np.the	OLD		3	liste		
continue					4	continue		
:					5	:		
Citynet	OBJ	ne	OLD		6	Citynet		
en					7	en		
Asie	other_2	ne	OLD		8	Asie		
,					9	,		
City	other_2	ne	OLD		10	City		
Protocol	other_3	ne	OLD		11	Protocol		
,					12	,		
une					13	une		
nouvelle					14	nouvelle		
organisation	other_2	indef-np.a			15	organisation	set_45	
née					16	née		
à					17	à		
Barcelone	other_4	ne	OLD		18	Barcelone		
,					19	,		
qui	SBJ_3				20	qui	set_45	
utilise					21	utilise		
le					22	le		
web	OBJ_3	def-np.the	OLD		23	web		
pour					24	pour		
échanger					25	échanger		
les					26	les		
meilleures					27	meilleures		
pratiques	OBJ_4	def-np.the	OLD		28	pratiques		
entre					29	entre		
pays	other_5	indef-np.bare			30	pays		
.				31	.	
		
# text = Et aussi celles qu'on connait un peu mieux, la Convention US des Maires, la Convention Mexicaine des Maires, la Convention Européenne des Maires.	
Et					1	Et		
aussi					2	aussi		
celles	other	pron.pds	OLD		3	celles	set_46	
qu'	OBJ_2				4	qu'		
on	SBJ_2	pron	OLD		5	on		
connait					6	connait		
un					7	un		
peu					8	peu		
mieux					9	mieux		
,					10	,		
la					11	la		
Convention	other	def-np.poss	OLD		12	Convention		
US	other_2	ne	OLD		13	US		
de								
les								
Maires	other_2	ne	OLD		15	Maires		
,								
la								
Convention	other	def-np.poss	OLD		18	Convention		
Mexicaine	other_2	ne	OLD					
de								
les								
Maires	other_2	ne	OLD					
,								
la								
Convention	other	def-np.the	OLD		24	Convention		
Européenne								
de								
les								
Maires	other_2	def-np.the	OLD					
.				28	.	
		
# text = Les maires sont là où ça se passe.	
Les					1	Les		
maires	SBJ	def-np.the	OLD		2	maires		
sont					3	sont		
là					4	là		
où					5	où		
ça	SBJ	pron.pds	OLD		6	ça	set_43	
se					7	se		
passe					8	passe		
.				9	.	
		
# text = Et la question devient alors, comment pouvons-nous créer un monde où les maires et les citoyens qu'ils représentent jouent un rôle plus important ?	
Et					1	Et		
la					2	la		
question	SBJ	def-np.the	OLD		3	question		
devient					4	devient		
alors					5	alors		
,					6	,		
comment					7	comment		
pouvons					8	pouvons	set_47	
-nous	OBJ_3	pron.pper	OLD					
créer					10	créer		
un					27		
monde	OBJ_3	indef-np.a						
où								
les								
maires	SBJ_5	def-np.the	OLD					
et								
les								
citoyens	other_6	def-np.the	OLD					
qu'	OBJ_8							
ils	SBJ_8	pron.pper	OLD					
représentent								
jouent								
un								
rôle	OBJ_5	indef-np.a						
plus								
important								
?							
		
# text = Eh bien, pour comprendre cela, nous devons comprendre en quoi les villes sont spéciales, en quoi les maires sont différents des premiers ministres et des présidents, car mon postulat de départ est qu'un maire et un premier ministre sont aux extrémités opposées du spectre politique.	
Eh								
bien								
,								
pour								
comprendre								
cela	OBJ_3	pron.pds	OLD					
,								
nous	SBJ_2	pron.pper	OLD					
devons								
comprendre								
en								
quoi	other_3	pron	OLD					
les								
villes	SBJ_4	def-np.the	OLD					
sont								
spéciales								
,								
en								
quoi	other_5	pron	OLD					
les								
maires	SBJ_5	def-np.the	OLD					
sont								
différents								
de								
les								
premiers								
ministres	other_5	def-np.the	OLD					
et								
de								
les								
présidents	other_6	def-np.the	OLD					
,								
car								
mon	other_5	pron.ppos	OLD					
postulat	SBJ_4	def-np.poss	OLD					
de								
départ	other_5	indef-np.bare						
est								
qu'								
un								
maire	other_3	indef-np.a						
et								
un								
premier								
ministre	other_4	indef-np.a						
sont								
à								
les								
extrémités	other	def-np.the	OLD		46	extrémités		
opposées								
de								
le								
spectre	other_2	def-np.the	OLD					
politique								
.							
	
# text = Pour être premier ministre ou président, vous devez avoir une idéologie, vous devez avoir une méta-narration, vous devez avoir une théorie sur le fonctionnement des choses, vous devez appartenir à un parti.				
Pour								
être								
premier								
ministre	other_4	indef-np.bare						
ou								
président	other_5	indef-np.bare						
,								
vous	SBJ_4	pron.pper	OLD					
devez					32	devez		
avoir								
une								
idéologie	OBJ_5	indef-np.a						
,								
vous	SBJ_3	pron.pper	OLD					
devez								
avoir								
une								
méta-narration	OBJ_4	indef-np.a						
,								
vous	SBJ_2	pron.pper	OLD					
devez								
avoir								
une								
théorie	OBJ_3	indef-np.a						
sur								
le								
fonctionnement	other_4	def-np.the	OLD					
de								
les								
choses	other_5	def-np.the	OLD					
,								
vous	SBJ	pron.pper	OLD					
devez								
appartenir								
à								
un								
parti	other_2	indef-np.a						
.							
	
# text = Les indépendants, de manière générale, ne sont pas élus.				
Les					1	Les		
indépendants	SBJ	def-np.the	OLD		2	indépendants		
,					3	,		
de					4	de		
manière	other_2	indef-np.bare			5	manière		
générale					6	générale		
,					7	,		
ne					8	ne		
sont					9	sont		
pas					10	pas		
élus					11	élus		
.				12	.	
		
# text = Mais les maires sont juste le contraire.	
Mais					1	Mais		
les					2	les		
maires	SBJ	def-np.the	OLD		3	maires		
sont					4	sont		
juste					5	juste		
le					6	le		
contraire	other	def-np.the	OLD		7	contraire		
.				8	.	
		
# text = Les maires sont pragmatiques, ils résolvent des problèmes.	
Les					1	Les		
maires	SBJ	def-np.the	OLD		2	maires	set_52	
sont					3	sont		
pragmatiques					4	pragmatiques		
,					5	,		
ils	SBJ_2	pron.pper	OLD		6	ils	set_52	
résolvent					7	résolvent	set_53	
de					8	de		
les								
problèmes	other_2	def-np.the	OLD		10	problèmes		
.				10	.	
		
# text = Leur boulot est de le faire, et s'ils ne font pas, ils se retrouvent au chômage.	
Leur	other_2	pron.ppos	OLD		1	Leur		
boulot	SBJ	def-np.poss	OLD		2	boulot		
est					3	est		
de					4	de		
le	OBJ	pron.pper	OLD		5	le	set_53	
faire					6	faire		
,					7	,		
et					8	et		
s'					9	s'		
ils	SBJ_2	pron.pper	OLD		10	ils	set_52	
ne					11	ne		
font					12	font		
pas					13	pas		
,					14	,		
ils	SBJ_2	pron.pper	OLD		15	ils	set_52	
se					16	se		
retrouvent					17	retrouvent		
à								
le					18	le		
chômage	other_2	def-np.the	OLD		19	chômage		
.				20	.	
		
# text = M. Nutter, le maire de Philadelphie, disait : on ne pourra jamais s'en sortir ici à Philadelphie, en s'y prenant comme à Washington, la paralysie, la non-action, l'inaction.	
M.	SBJ	indef-np.bare			1	M.	set_130	
Nutter	other_2	ne	OLD		2	Nutter		
,					3	,		
le					4	le		
maire	other_2	def-np.poss	OLD		5	maire		
de					6	de		
Philadelphie	other_3	ne	OLD		7	Philadelphie	set_188	
,					8	,		
disait					9	disait		
:					10	:		
on	SBJ_2	pron	OLD		11	on	set_54	
ne					12	ne		
pourra					13	pourra		
jamais					14	jamais		
s'					15	s'	set_54	
en					16	en		
sortir					17	sortir		
ici					18	ici		
à					19	à		
Philadelphie	other_3	ne	OLD		20	Philadelphie	set_188	
,					21	,		
en					22	en		
s'					23	s'	set_54	
y	other_4	pron	OLD		24	y	set_188	
prenant					25	prenant		
comme					26	comme		
à					27	à		
Washington	other_4	ne	OLD		28	Washington	set_189	
,					29	,		
la					30	la		
paralysie	OBJ_2	def-np.the	OLD		31	paralysie		
,					32	,		
la					33	la		
non-action	other_3	def-np.the	OLD		34	non-action		
,					35	,		
l'					36	l'		
inaction	other_3	def-np.the	OLD		37	inaction		
.				38	.	
		
# text = Pourquoi ?	
Pourquoi					1	Pourquoi		
?				2		
		
# text = Parce que les nids de poule doivent être bouchés, parce que les trains doivent rouler, parce que les enfants doivent pouvoir aller à l'école.	
Parce								
que								
les								
nids	SBJ	def-np.the	OLD					
de								
poule	other_2	indef-np.bare						
doivent					7	doivent		
être					10	être		
bouchés								
,								
parce								
que								
les								
trains	SBJ_3	def-np.the	OLD					
doivent					15	doivent		
rouler								
,								
parce								
que								
les								
enfants	SBJ_3	def-np.the	OLD					
doivent					22	doivent		
pouvoir								
aller								
à								
l'								
école	other_5	def-np.the	OLD		27	école		
.							
	
# text = C'est ça qu'on doit faire, ça doit se faire avec pragmatisme, ce profond bon sens américain qui donne des résultats.				
C'	SBJ	pron.pds	OLD		1	C'		
est					2	est		
ça	other	pron.pds	OLD		3	ça	set_53	
qu'	OBJ_3				4	qu'	set_53	
on	SBJ_2	pron	OLD		5	on		
doit					6	doit		
faire					7	faire		
,					8	,		
ça	SBJ_2	pron.pds	OLD		9	ça	set_53	
doit					10	doit		
se					11	se	set_53	
faire					12	faire		
avec					13	avec		
pragmatisme	other_3	indef-np.bare			14	pragmatisme	set_58	
,					15	,		
ce					16	ce		
profond					17	profond		
bon					18	bon		
sens	other	def-np.dem	OLD		19	sens	set_58	
américain					20	américain		
qui	SBJ_3				21	qui	set_58	
donne					22	donne		
de					23	de		
les								
résultats	other_3	def-np.the	OLD		24	résultats		
.				25	.	
		
# text = Washington, Pékin, Paris, en tant que capitales mondiales, sont tout sauf pragmatiques, mais les maires des vraies villes doivent l'être.	
Washington	SBJ	ne	OLD		1	Washington	set_189	
,					2	,		
Pékin	other_2	ne	OLD		3	Pékin		
,					4	,		
Paris	other_2	ne	OLD		5	Paris		
,					6	,		
en					7	en		
tant					8	tant		
que					9	que		
capitales	other_2	indef-np.bare			10	capitales		
mondiales					11	mondiales		
,					12	,		
sont					13	sont		
tout					14	tout		
sauf					15	sauf		
pragmatiques	other	indef-np.bare			16	pragmatiques	set_59	
,					17	,		
mais					18	mais		
les					19	les		
maires	SBJ_2	def-np.the	OLD		20	maires	set_62	
de					21	de		
les								
vraies					22	vraies	set_62	
villes	other_3	def-np.the	OLD		23	villes		
doivent					24	doivent		
l'					25	l'	set_59	
être	OBJ_2	def-np.the	OLD		26	être		
.				27	.	
		
# text = Ils doivent arriver à des résultats, ils doivent mettre de côté l'idéologie, la religion, la question ethnique, et rassembler les forces de leurs villes.	
Ils	SBJ	pron.pper	OLD		1	Ils	set_62	
doivent					2	doivent	set_61	
arriver					3	arriver		
à								
de								
les								
résultats	other_2	def-np.the	OLD		6	résultats		
,								
ils	SBJ_2	pron.pper	OLD					
doivent					10	doivent		
mettre								
de								
côté	other_5	indef-np.bare						
l'								
idéologie	other_3	def-np.the	OLD					
,					22	,		
la								
religion	other_4	def-np.the	OLD					
,								
la								
question	other_4	def-np.the	OLD					
ethnique								
,								
et					23	et		
rassembler					24	rassembler		
les					25	les		
forces	OBJ_2	def-np.poss	OLD		26	forces		
de					27	de	set_61	
leurs	other_4	pron.ppos	OLD		28	leurs	set_61	
villes	other_3	def-np.poss	OLD		29	villes		
.				30	.	
		
# text = On a vu ça il y a une vingtaine d'années, quand Teddy Kollek, le grand maire de Jérusalem, dans les années 80 et 90, a été assiégé un jour à son bureau par des leaders religieux de toutes confessions, des prélats chrétiens, des rabbins, des imams.	
On	SBJ	pron	OLD		1	On		
a					2	a		
vu					3	vu		
ça	OBJ	pron.pds	OLD		4	ça	set_61	
il	other_2	pron.pper	OLD		5	il		
y	other_3	pron	OLD		6	y		
a					7	a		
une					8	une		
vingtaine					9	vingtaine		
d'					10	d'		
années	other_2	indef-np.bare			11	années		
,					12	,		
quand					13	quand		
Teddy	SBJ_2	ne	OLD		14	Teddy	set_73	
Kollek	other_3	ne	OLD		15	Kollek		
,					16	,		
le					17	le		
grand					18	grand		
maire	other_3	def-np.poss	OLD		19	maire		
de					20	de		
Jérusalem	other_4	ne	OLD		21	Jérusalem		
,					22	,		
dans					23	dans		
les					24	les		
années	other_3	def-np.the	OLD		25	années		
80					26	80		
et					27	et		
90					28	90		
,					29	,		
a					30	a		
été					31	été		
assiégé					32	assiégé	set_63	
un					33	un		
jour	other_2	indef-np.a			34	jour		
à					35	à		
son	other_4	pron.ppos	OLD		36	son	set_73	
bureau	other_3	def-np.poss	OLD		37	bureau		
par								
de								
les								
leaders	other_4	def-np.the	OLD		40	leaders	set_68	
religieux								
de								
toutes								
confessions	other_5	indef-np						
,								
de								
les								
prélats	other_6	def-np.the	OLD					
chrétiens								
,								
de								
les								
rabbins	other_6	def-np.the	OLD					
,								
de								
les								
imams	other_6	def-np.the	OLD					
.				55	.	
		
# text = Ils se disputaient entre eux à propos de l'accès aux sites sacrés.	
Ils	SBJ	pron.pper	OLD		1	Ils	set_68	
se					2	se	set_68	
disputaient					3	disputaient	set_66	
entre					4	entre		
eux	other	pron	OLD		5	eux	set_68	
à					6	à		
propos	other	indef-np.bare			7	propos		
de					8	de		
l'					9	l'		
accès	other_2	def-np.the	OLD		10	accès		
à								
les								
sites	other	def-np.the	OLD		12	sites		
sacrés								
.				14	.	
		
# text = La querelle n'en finissait pas, et Kollek écoutait, écoutait, et il dit finalement : « Messieurs, épargnez-moi vos sermons, et je réparerai vos égoûts.	
La					1	La		
querelle	SBJ	def-np.the	OLD		2	querelle	set_66	
n'					3	n'		
en					4	en		
finissait					5	finissait		
pas					6	pas		
,					7	,		
et					8	et		
Kollek	SBJ_2	ne	OLD		9	Kollek	set_73	
écoutait					10	écoutait	set_71	
,					11	,		
écoutait					12	écoutait		
,					13	,		
et					14	et		
il	SBJ_3	pron.pper	OLD		15	il	set_73	
dit					16	dit		
finalement					17	finalement		
:					18	:		
«					19	«		
Messieurs	SBJ_4	indef-np.bare			20	Messieurs		
,					21	,		
épargnez					22	épargnez		
-moi	OBJ_4	pron	OLD		23	-moi		
vos	other_5	pron.ppos	OLD					
sermons	OBJ_4	def-np.poss	OLD		25	sermons		
,								
et								
je	SBJ_5	pron.pper	OLD					
réparerai					29	réparerai		
vos	other_6	pron.ppos	OLD					
égoûts	OBJ_5	def-np.poss	OLD					
.				32	.	
		
# text = » (Rires)				
»					
(					2	(		
Rires	other	ne	OLD					
)							
	
# text = C'est ce que font les maires.				
C'	SBJ	pron.pds	OLD					
est								
ce	other	pron.pds	OLD		3	ce	set_71	
que	OBJ_2							
font								
les								
maires	SBJ_2	def-np.the	OLD					
.							
	
# text = Ils réparent les égouts, ils font rouler les trains.				
Ils	SBJ	pron.pper	OLD		1	Ils	set_72	
réparent					2	réparent	set_190	
les					3	les		
égouts	OBJ	def-np.the	OLD		4	égouts		
,					5	,		
ils	SBJ_2	pron.pper	OLD		6	ils	set_72	
font					7	font		
rouler					8	rouler		
les					9	les		
trains	OBJ_2	def-np.the	OLD		10	trains		
.				11	.	
		
# text = Il n'y pas de façon de gauche ou de droite de faire ça.	
Il	SBJ	pron.pper	OLD		1	Il		
n'					2	n'		
y	other	pron	OLD		3	y		
pas					4	pas		
de					5	de		
façon	other	indef-np.bare			6	façon		
de					7	de		
gauche	other_2	indef-np.bare			8	gauche		
ou					9	ou		
de					10	de		
droite	other_3	indef-np.bare			11	droite		
de					12	de		
faire					13	faire		
ça	OBJ_3	pron.pds	OLD		14	ça	set_190	
.				15	.	
		
# text = Boris Johnson, de Londres, se qualifie lui-même d'anarcho-conservateur.	
Boris	SBJ	ne	OLD		1	Boris	set_77	
Johnson	other_2	ne	OLD		2	Johnson		
,					3	,		
de					4	de		
Londres	other_2	ne	OLD		5	Londres		
,					6	,		
se					7	se	set_77	
qualifie					8	qualifie		
lui-même					9	lui-même	set_77	
d'								
anarcho-conservateur	other_2	indef-np.bare			11	anarcho-conservateur		
.				12	.	
		
# text = Étrange appellation, mais d'une certaine façon, c'est ce qu'il est.	
Étrange					1	Étrange		
appellation	other	indef-np.bare			2	appellation		
,					3	,		
mais					4	mais		
d'					5	d'		
une					6	une		
certaine					7	certaine		
façon	other_2	indef-np.a			8	façon		
,					9	,		
c'	SBJ	pron.pds	OLD		10	c'		
est					11	est		
ce	other	pron.pds	OLD		12	ce		
qu'					13	qu'		
il	SBJ_2	pron.pper	OLD		14	il	set_77	
est					15	est		
.				16	.	
		
# text = C'est un libertaire.	
C'	SBJ	pron.pds	OLD		1	C'	set_77	
est					2	est		
un					3	un		
libertaire	other	indef-np.a			4	libertaire		
.				5	.	
		
# text = C'est un anarchiste.	
C'	SBJ	pron.pds	OLD					
est								
un								
anarchiste	other	indef-np.a			4	anarchiste		
.							
	
# text = Il se rend à son travail à vélo, et en même temps, il est par certains côtés un conservateur.				
Il	SBJ	pron.pper	OLD		1	Il	set_77	
se					2	se		
rend					3	rend		
à					4	à		
son	other_2	pron.ppos	OLD		5	son		
travail	other	def-np.poss	OLD		6	travail		
à					7	à		
vélo	other_2	indef-np.bare			8	vélo		
,					9	,		
et					10	et		
en					11	en		
même					12	même		
temps	other_3	indef-np.bare			13	temps		
,					14	,		
il	SBJ_2	pron.pper	OLD		15	il	set_77	
est					16	est		
par					17	par		
certains					18	certains		
côtés	other_2	indef-np			19	côtés		
un					20	un		
conservateur	other	indef-np.a			21	conservateur		
.				22	.	
		
# text = Bloomberg, à New-York, était d'abord un Démocrate, puis il est devenu Républicain, et enfin il est devenu indépendant, en disant que l'étiquette des partis ne fait qu'encombrer le chemin.	
Bloomberg	SBJ	ne	OLD		1	Bloomberg	set_79	
,					2	,		
à					3	à		
New-York	other_2	ne	OLD		4	New-York	set_192	
,					5	,		
était					6	était		
d'					7	d'		
abord	other_2	indef-np.bare			8	abord		
un					9	un		
Démocrate	other	indef-np.a			10	Démocrate		
,					11	,		
puis					12	puis		
il	SBJ_2	pron.pper	OLD		13	il	set_79	
est					14	est		
devenu					15	devenu		
Républicain					16	Républicain		
,					17	,		
et					18	et		
enfin					19	enfin		
il	SBJ_3	pron.pper	OLD		20	il	set_79	
est					21	est		
devenu					22	devenu		
indépendant					23	indépendant		
,					24	,		
en					25	en		
disant					26	disant		
que					27	que		
l'					28	l'		
étiquette	SBJ_5	def-np.the	OLD		29	étiquette		
de					30	de		
les								
partis	other_6	def-np.the	OLD		31	partis		
ne					32	ne		
fait					33	fait		
qu'					34	qu'		
encombrer					35	encombrer		
le					36	le		
chemin	OBJ_6	def-np.the	OLD		37	chemin		
.				38	.	
		
# text = Lujkov, maire de Moscou pendant 20 ans, bien qu'il ait fondé un parti, Russie Unie, avec Poutine, refusait en fait d'être défini par le parti et finalement, a perdu son job, non pas sous Brejnev, non pas sous Gorbatchev, mais sous Poutine, qui voulait un membre du parti plus fidèle.	
Lujkov	SBJ	ne	OLD		1	Lujkov	set_80	
,					2	,		
maire	other_2	def-np.poss	OLD		3	maire		
de					4	de		
Moscou	other_3	ne	OLD		5	Moscou		
pendant					6	pendant		
20					7	20		
ans	other_3	indef-np.quant			8	ans		
,					9	,		
bien					10	bien		
qu'					11	qu'		
il	SBJ_3	pron.pper	OLD		12	il	set_80	
ait					13	ait		
fondé					14	fondé		
un					15	un		
parti	OBJ_3	indef-np.a			16	parti	set_191	
,					17	,		
Russie	other_4	ne	OLD		18	Russie		
Unie	other_5	ne	OLD		19	Unie		
,					20	,		
avec					21	avec		
Poutine	other_3	ne	OLD		22	Poutine	set_193	
,					23	,		
refusait					24	refusait		
en					25	en		
fait	other_2	indef-np.bare			26	fait		
d'					27	d'		
être					28	être		
défini					29	défini		
par					30	par		
le					31	le		
parti	other_2	def-np.the	OLD		32	parti	set_191	
et					33	et		
finalement					34	finalement		
,					35	,		
a					36	a		
perdu					37	perdu		
son	other_5	pron.ppos	OLD		38	son	set_80	
job	OBJ_4	def-np.poss	OLD		39	job		
,					40	,		
non					41	non		
pas					42	pas		
sous					43	sous		
Brejnev	other_2	ne	OLD		44	Brejnev		
,					45	,		
non					46	non		
pas					47	pas		
sous					48	sous		
Gorbatchev	other_3	ne	OLD		49	Gorbatchev		
,					50	,		
mais					51	mais		
sous					52	sous		
Poutine	other_3	ne	OLD		53	Poutine	set_193	
,					54	,		
qui	SBJ_5				55	qui	set_193	
voulait					56	voulait		
un					57	un		
membre	OBJ_5	indef-np.a			58	membre		
de					59	de		
le								
parti	other_6	def-np.the	OLD		60	parti	set_191	
plus					61	plus		
fidèle					62	fidèle		
.				63	.	
		
# text = Donc, les maires sont des pragmatiques et ils résolvent des problèmes.	
Donc								
,								
les								
maires	SBJ	def-np.the	OLD					
sont								
de								
les								
pragmatiques	other	def-np.the	OLD		7	pragmatiques		
et								
ils	SBJ_2	pron.pper	OLD					
résolvent								
de								
les								
problèmes	other_2	def-np.the	OLD					
.							
	
# text = Ils font les choses.				
Ils	SBJ	pron.pper	OLD		1	Ils	set_82	
font					2	font		
les					3	les		
choses	OBJ	def-np.the	OLD		4	choses		
.				5	.	
		
# text = Mais la seconde caractéristique des maires, c'est qu'ils sont aussi ce que j'aime appeler des gars du pays, ou, pour inclure les femmes maires, des filles du pays.	
Mais								
la								
seconde								
caractéristique	other	def-np.the	OLD					
de								
les								
maires	other_2	def-np.the	OLD					
,								
c'	SBJ	pron.pds	OLD					
est								
qu'	OBJ							
ils	SBJ	pron.pper	OLD					
sont								
aussi								
ce	other	pron.pds	OLD		14	ce		
que	OBJ_2							
j'	SBJ_2	pron.pper	OLD					
aime								
appeler								
de								
les								
gars	other_3	def-np.the	OLD					
de								
le								
pays	other_4	def-np.the	OLD					
,								
ou								
,								
pour								
inclure								
les								
femmes	OBJ_2	def-np.the	OLD					
maires								
,								
de								
les								
filles	other_2	def-np.the	OLD					
de								
le								
pays	other_3	def-np.the	OLD					
.							
	
# text = Ils viennent du quartier.				
Ils	SBJ	pron.pper	OLD		1	Ils	set_82	
viennent					2	viennent		
de					3	de		
le								
quartier	other	def-np.the	OLD		4	quartier		
.				5	.	
		
# text = Ils font partie du voisinage.	
Ils	SBJ	pron.pper	OLD		1	Ils	set_82	
font					2	font		
partie	OBJ	indef-np.bare			3	partie		
de					4	de		
le								
voisinage	other_2	def-np.the	OLD		5	voisinage		
.				6	.	
		
# text = Ils sont connus.	
Ils	SBJ	pron.pper	OLD					
sont								
connus					3	connus		
.							
	
# text = Ed Koch avait l'habitude de se promener dans New York en demandant « Comment trouvez-vous que je me débrouille ? » Imaginez David Cameron se baladant au Royaume-Uni en demandant : « Comment je me débrouille ?				
Ed	SBJ	ne	OLD		1	Ed	set_92	
Koch	other_2	ne	OLD		2	Koch		
avait					3	avait		
l'					4	l'		
habitude	OBJ	def-np.the	OLD		5	habitude		
de					6	de		
se					7	se	set_92	
promener					8	promener		
dans					9	dans		
New	other_3	ne	OLD		10	New	set_192	
York	other_4	ne	OLD		11	York		
en					12	en		
demandant					13	demandant		
«					14	«		
Comment					15	Comment		
trouvez					16	trouvez	set_194	
-vous	SBJ_5	pron.pper	OLD		17	-vous		
que	OBJ_6							
je	SBJ_6	pron.pper	OLD					
me	OBJ_6	pron.pper	OLD					
débrouille					21	débrouille		
?					22			
»					23	»		
Imaginez	SBJ_6	ne	OLD					
David	other_7	ne	OLD		25	David	set_89	
Cameron	other_7	ne	OLD		26	Cameron	set_89	
se	OBJ_6	pron.pper	OLD					
baladant					28	baladant		
à								
le								
Royaume-Uni	other_6	ne	OLD					
en								
demandant								
:								
«								
Comment								
je	SBJ_8	pron.pper	OLD					
me	OBJ_8	pron.pper	OLD					
débrouille								
?							
	
# text = » Il n'aimerait pas la réponse.				
»								
Il	SBJ	pron.pper	OLD					
n'								
aimerait					4	aimerait		
pas								
la								
réponse	OBJ	def-np.the	OLD					
.							
	
# text = Ou Poutine.				
Ou					1	Ou		
Poutine	other	ne	OLD		2	Poutine	set_193	
.				3	.	
		
# text = Ou n'importe quel dirigeant national.	
Ou								
n'								
importe					3	importe		
quel								
dirigeant	OBJ	indef-np						
national								
.							
	
# text = Il pouvait demander ça parce qu'il connaissait les New-Yorkais et que ceux-ci le connaissaient.				
Il	SBJ	pron.pper	OLD		1	Il	set_92	
pouvait					2	pouvait		
demander					3	demander		
ça	OBJ_2	pron.pds	OLD		4	ça	set_194	
parce					5	parce		
qu'					6	qu'		
il	SBJ_3	pron.pper	OLD		7	il	set_92	
connaissait					8	connaissait		
les					9	les		
New-Yorkais	OBJ_3	ne	OLD		10	New-Yorkais	set_91	
et					11	et		
que					12	que		
ceux-ci	SBJ_4	pron.pds	OLD		13	ceux-ci	set_91	
le	OBJ_4	pron.pper	OLD		14	le	set_92	
connaissaient					15	connaissaient		
.				16	.	
		
# text = Les maires sont souvent issus des villes qu'ils gouvernent.	
Les					1	Les		
maires	SBJ	def-np.the	OLD		2	maires	set_93	
sont					3	sont		
souvent					4	souvent		
issus					5	issus		
de					6	de		
les								
villes	other	def-np.the	OLD		7	villes	set_94	
qu'	OBJ_3				8	qu'	set_94	
ils	SBJ_3	pron.pper	OLD		10	ils	set_93	
gouvernent					10	gouvernent		
.				11	.	
		
# text = C'est assez difficile d'être en même temps un profiteur et un maire.	
C'					1	C'		
est					2	est		
assez					3	assez		
difficile					4	difficile		
d'					5	d'		
être					6	être		
en					7	en		
même					8	même		
temps	other_3	indef-np.bare			9	temps		
un					10	un		
profiteur	other	indef-np.a			11	profiteur		
et					12	et		
un					13	un		
maire	other_2	indef-np.a			14	maire		
.				15	.	
		
# text = Vous pouvez être candidat au Sénat dans un autre Etat que le vôtre, mais c'est difficile de le faire comme maire.	
Vous	SBJ	pron.pper	OLD		1	Vous		
pouvez					2	pouvez		
être					3	être		
candidat					4	candidat	set_96	
à								
le					5	le		
Sénat	other_2	def-np.the	OLD		6	Sénat		
dans					7	dans		
un					8	un		
autre					10	autre		
Etat	other_2	indef-np.a			10	Etat		
que					11	que	set_96	
le					12	le	set_96	
vôtre	other_2	def-np.the	OLD		13	vôtre		
,					14	,		
mais					15	mais		
c'					16	c'		
est					17	est		
difficile					18	difficile		
de					19	de		
le	OBJ_3	pron.pper	OLD		20	le	set_96	
faire					21	faire		
comme					22	comme		
maire	other_3	indef-np.bare			23	maire		
.				24	.	
		
# text = En conséquence, les maires, les conseillers municipaux, et les autorités locales bénéficient d'un degré de confiance bien plus grand que les officiels des gouvernements nationaux, et c'est la troisième particularité des maires.	
En								
conséquence	other	indef-np.bare			1	Aux		
,					10	,		
les								
maires	SBJ	def-np.the	OLD					
,								
les								
conseillers	other_2	def-np.the	OLD					
municipaux								
,								
et					11	et		
les					12	les		
autorités	other_2	def-np.the	OLD		13	autorités		
locales					14	locales		
bénéficient					15	bénéficient	set_97	
d'					16	d'		
un					17	un		
degré	other	indef-np.a			18	degré		
de					19	de		
*conséquence*					2	conséquence		
confiance	other_2	indef-np.bare			20	confiance		
bien					21	bien		
plus					22	plus		
grand					23	grand		
que					24	que		
les					25	les		
officiels	other_3	def-np.the	OLD		26	officiels		
*gouvernements*					28	gouvernements		
*,*					3	,		
*particularité*					36	particularité		
*.*					39	.		
*les*					4	les		
*maires*					5	maires		
*,*					6	,		
*les*					7	les		
*conseillers*					8	conseillers		
*municipaux*					9	municipaux		
*connait*					5	connait		
*Et*					1	Et		
*même*					2	même		
*pour*					3	pour		
*un*					4	un		
*président*					5	président		
*relativement*					6	relativement		
*populaire*					7	populaire		
*comme*					8	comme		
*Obama*					9	Obama		
*,*					10	,		
*les*					11	les		
*chiffres*					12	chiffres		
*pour*					13	pour		
*la*					14	la		
*Présidence*					15	Présidence		
*tournent*					16	tournent		
*autour*					17	autour		
de					18	de		
*40*					19	40		
*,*					20	,		
*45*					21	45		
*pour*					22	pour		
*cent*					23	cent		
*,*					24	,		
*parfois*					25	parfois		
*50*					26	50		
*pour*					27	pour		
*cent*					28	cent		
*le*					29	le		
*.*					31	.	
**						
*La*					1	La		
*Cour*					2	Cour	set_99	
*Suprême*					3	Suprême		
*a*					4	a		
*beaucoup*					5	beaucoup		
*dégringolé*					6	dégringolé		
*par*					7	par		
*rapport*					8	rapport		
*à*					9	à		
*ce*					10	ce		
*qu'*					11	qu'		
*elle*					12	elle	set_99	
*était*					13	était		
*.*					14	.	
**						
*Mais*					1	Mais		
*quand*					2	quand		
*vous*					3	vous		
*demandez*					4	demandez		
*,*					5	,		
*«*					6	«		
*Faites*					7	Faites		
*confiance*					10	confiance		
*de*					103	de		
*.*					128	.	
**						
*Aucun*					1	Aucun		
*chef*					2	chef	set_109	
*d'*					3	d'		
*État*					4	État		
*ne*					5	ne		
*serait*					6	serait		
*jamais*					7	jamais		
*autorisé*					8	autorisé	set_149	
*à*					9	à		
*faire*					10	faire		
*ça*					11	ça	set_197	
*par*					12	par		
*sa*					13	sa	set_109	
*sécurité*					14	sécurité		
*,*					15	,		
*ni*					16	ni		
*ne*					17	ne		
*se*					18	se	set_109	
*retrouverait*					19	retrouverait		
*dans*					20	dans		
*une*					21	une		
*situation*					22	situation	set_110	
*où*					23	où	set_110	
*le*					24	le	set_197	
*faire*					25	faire		
*.*					26	.	
**						
*C'*					1	C'	set_149	
*est*					2	est		
*la*					3	la		
*différence*					4	différence		
*,*					5	,		
*et*					6	et		
*la*					7	la		
*différence*					8	différence		
*est*					9	est		
*en*					10	en		
*rapport*					11	rapport		
*avec*					12	avec		
les					13	les		
gouvernements	other_4	def-np.the	OLD					
nationaux								
,								
et								
c'	SBJ_2	pron.pds	OLD					
est								
la								
troisième								
particularité	other	def-np.the	OLD					
de								
les								
maires	other_2	def-np.the	OLD					
.							

# text = Aux États-Unis, on connait les tristes chiffres : 18 pour cent des américains approuvent le Congrès et ce qu'ils y font.				
À								
les								
États-Unis	other	ne	OLD					
,								
on	SBJ	pron	OLD					
connait								
les								
tristes								
chiffres	OBJ	def-np.the	OLD					
:								
18	SBJ_2							
pour								
cent								
de								
les								
américains	other_4	def-np.the	OLD					
approuvent								
le								
Congrès	OBJ_2	ne	OLD					
et								
ce	other_3	pron.pds	OLD					
qu'	OBJ_5							
ils	SBJ_5	pron.pper	OLD					
y	OBJ_5	pron	OLD					
font								
.							

# text = Et même pour un président relativement populaire comme Obama, les chiffres pour la Présidence tournent autour de 40, 45 pour cent, parfois 50 pour cent au mieux.				
Et								
même								
pour								
un								
président	other	indef-np.a						
relativement								
populaire								
comme								
Obama	other_2	ne	OLD					
,								
les								
chiffres	SBJ	def-np.the	OLD					
pour								
la								
Présidence	other_2	ne	OLD					
tournent								
autour								
de								
40								
,								
45								
pour								
cent								
,								
parfois								
50								
pour								
cent								
à								
le								
mieux								
.							

# text = La Cour Suprême a beaucoup dégringolé par rapport à ce qu'elle était.				
La								
Cour	SBJ	def-np.the	OLD					
Suprême								
a								
beaucoup								
dégringolé								
par								
rapport	other	indef-np.bare						
à								
ce	other_2	pron.pds	OLD					
qu'								
elle	SBJ_4	pron.pper	OLD					
était								
.							

# text = Mais quand vous demandez, « Faites-vous confiance à votre conseiller municipal, faites-vous confiance à votre maire ? », les scores grimpent à 70, 75, voire 80 pour cent, parce qu'ils sont du coin, parce que les gens avec lesquels ils travaillent sont leurs voisins, parce que, comme M. Booker, le maire de Newark, il est possible qu'un maire, en allant à son travail, sorte de sa voiture, et aide à sortir les gens d'un immeuble en flamme, - c'est arrivé au maire Booker - ou qu'il intervienne lors d'une agression dans la rue parce qu'il tombe dessus en allant au travail.				
Mais								
quand								
vous	SBJ	pron.pper	OLD					
demandez								
,								
«								
Faites	OBJ	ne	OLD					
-vous	SBJ_3	pron.pper	OLD					
confiance								
à								
votre	other_4	pron.ppos	OLD					
conseiller	other_3	def-np.poss	OLD					
municipal								
,								
faites								
-vous	SBJ_5	pron.pper	OLD					
confiance								
à								
votre	other_6	pron.ppos	OLD					
maire	other_5	def-np.poss	OLD					
?								
»								
,								
les								
scores	SBJ_6	def-np.the	OLD					
grimpent								
à								
70								
,								
75								
,								
voire								
80								
pour								
cent								
,								
parce								
qu'								
ils	SBJ_7	pron.pper	OLD					
sont								
de								
le								
coin	other_6	def-np.the	OLD					
,								
parce								
que								
les								
gens	SBJ_8	def-np.the	OLD					
avec								
lesquels								
ils	SBJ_10	pron.pper	OLD					
travaillent								
sont								
leurs	other_8	pron.ppos	OLD					
voisins	other_7	def-np.poss	OLD					
,								
parce								
que								
,								
comme								
M.	other_8	ne	OLD					
Booker	other_9	ne	OLD					
,								
le								
maire	other_9	def-np.poss	OLD					
de								
Newark	other_10	ne	OLD					
,								
il								
est								
possible								
qu'								
un								
maire	other_8	indef-np.a						
,								
en								
allant								
à								
son	other_10	pron.ppos	OLD					
travail	other_9	def-np.poss	OLD					
,								
sorte	other_7	def-np.poss	OLD					
de								
sa	other_9	pron.ppos	OLD					
voiture	other_8	def-np.poss	OLD					
,								
et								
aide								
à								
sortir								
les								
gens	OBJ_9	def-np.the	OLD					
d'								
un								
immeuble	other_10	indef-np.a						
en								
flamme	other_11	indef-np.bare						
,								
_								
c'	SBJ_8	pron.pds	OLD					
est								
arrivé								
à								
le								
maire	other_8	def-np.the	OLD					
Booker	other_9	ne	OLD					
_								
ou								
qu'								
il	SBJ_11	pron.pper	OLD					
intervienne								
lors								
d'								
une								
agression	other_12	indef-np.a						
dans								
la								
rue	other_13	def-np.the	OLD					
parce								
qu'								
il	SBJ_12	pron.pper	OLD					
tombe								
dessus								
en								
allant								
à								
le								
travail	other_13	def-np.the	OLD					
.							

# text = Aucun chef d'État ne serait jamais autorisé à faire ça par sa sécurité, ni ne se retrouverait dans une situation où le faire.				
Aucun								
chef	SBJ	indef-np						
d'								
État	other_2	indef-np.bare						
ne								
serait								
jamais								
autorisé								
à								
faire								
ça	OBJ_2	pron.pds	OLD					
par								
sa	other_3	pron.ppos	OLD					
sécurité	other_2	def-np.poss	OLD					
,								
ni								
ne								
se								
retrouverait								
dans								
une								
situation	other_2	indef-np.a						
où								
le	OBJ_4	pron.pper	OLD					
faire								
.							

# text = C'est la différence, et la différence est en rapport avec les caractéristiques des villes elles-mêmes, parce que les villes sont profondément multi-culturelles, ouvertes, participatives, démocratiques, capables de travailler les unes avec les autres.				
C'	SBJ	pron.pds	OLD					
est								
la								
différence	other	def-np.the	OLD					
,								
et								
la								
différence	SBJ_2	def-np.the	OLD					
est								
en								
rapport	other	indef-np.bare						
avec								
les								
caractéristiques	other_2	def-np.the	OLD		14	caractéristiques		
de								
les								
villes	other_3	def-np.the	OLD		16	villes	set_111	
elles-mêmes								
,					18	,		
parce					19	parce		
que								
les					21	les	set_112	
villes	SBJ_2	def-np.the	OLD		22	villes	set_112	
sont					23	sont		
profondément					24	profondément		
multi-culturelles					25	multi-culturelles		
,					26	,		
ouvertes					27	ouvertes		
,					28	,		
participatives					29	participatives		
,					30	,		
démocratiques					31	démocratiques		
,					32	,		
capables					33	capables		
de					34	de		
travailler					35	travailler		
les					36	les		
unes	OBJ_4	def-np.the	OLD		37	unes	set_112	
avec					38	avec	set_112	
les					39	les	set_112	
autres	other_5	pron	OLD		40	autres		
.				41	.	
		
# text = Quand les États se font face, la Chine et les USA, ils se font face comme ça.	
Quand					1	Quand		
les					2	les		
États	SBJ_2	ne	OLD		3	États	set_115	
se	OBJ_2	pron.pper	OLD		4	se	set_115	
font					5	font		
face					6	face		
,					7	,		
la					8	la		
Chine	OBJ_2	ne	OLD		9	Chine	set_198	
et					10	et		
les					11	les		
USA	other_3	ne	OLD		12	USA	set_199	
,					13	,		
ils	SBJ	pron.pper	OLD		14	ils	set_115	
se	OBJ	pron.pper	OLD		15	se	set_115	
font					16	font		
face					17	face		
comme					18	comme		
ça	other	pron.pds	OLD		19	ça		
.				20	.	
		
# text = Quand les cités interagissent, elles interagissent comme ça.	
Quand					1	Quand		
les					2	les		
cités	SBJ_2	def-np.the	OLD		3	cités	set_114	
interagissent					4	interagissent		
,					5	,		
elles	SBJ	pron.pper	OLD		6	elles	set_114	
interagissent					7	interagissent		
comme					8	comme		
ça	other	pron.pds	OLD		9	ça		
.				10	.	
		
# text = La Chine et les USA, malgré leur récent méta-meeting, en Californie, sont paralysés par toutes sortes de colères, de ressentiment et de rivalités pour devenir numéro un.	
La					1	La		
Chine	SBJ	ne	OLD		2	Chine	set_116	
et					3	et		
les					4	les		
USA	other_2	ne	OLD		5	USA	set_199	
,					6	,		
malgré					7	malgré		
leur	other_3	pron.ppos	OLD		8	leur	set_116	
récent					9	récent		
méta-meeting	other_2	def-np.poss	OLD		10	méta-meeting		
,					11	,		
en					12	en		
Californie	other_2	ne	OLD		13	Californie		
,					14	,		
sont					15	sont		
paralysés					16	paralysés		
par					17	par		
toutes					18	toutes		
sortes	other	indef-np			19	sortes		
de					20	de		
colères	other_2	indef-np.bare			21	colères		
,					22	,		
de					23	de		
ressentiment	other_3	indef-np.bare			24	ressentiment		
et					25	et		
de					26	de		
rivalités	other_3	indef-np.bare			27	rivalités		
pour					28	pour		
devenir					29	devenir		
numéro	other_2	indef-np.quant			30	numéro		
un					31	un		
.				32	.	
		
# text = On a surtout entendu parler de qui sera numéro un.	
On	SBJ	pron	OLD		1	On		
a					2	a		
surtout					3	surtout		
entendu					4	entendu		
parler					5	parler		
de					6	de		
qui	SBJ_3				7	qui		
sera					8	sera		
numéro	other_2	indef-np.quant			9	numéro		
un					10	un		
.				11	.	
		
# text = Les villes se soucient peu de devenir numéro un.	
Les					1	Les		
villes	SBJ	def-np.the	OLD		2	villes	set_117	
se					3	se	set_117	
soucient					4	soucient		
peu					5	peu		
de					6	de		
devenir					7	devenir		
numéro	other_2	indef-np.quant			8	numéro		
un					9	un		
.				10	.	
		
# text = Elles doivent travailler ensemble, et c'est ce qu'elles font.	
Elles	SBJ	pron.pper	OLD		1	Elles	set_117	
doivent					2	doivent		
travailler					3	travailler	set_200	
ensemble					4	ensemble		
,					5	,		
et					6	et		
c'	SBJ_2	pron.pds	OLD		7	c'		
est					8	est		
ce	other	pron.pds	OLD		9	ce	set_200	
qu'	OBJ_3				10	qu'	set_200	
elles	SBJ_3	pron.pper	OLD		11	elles	set_117	
font					12	font		
.				13	.	
		
# text = Elles travaillent ensemble sur le changement climatique, par exemple.	
Elles	SBJ	pron.pper	OLD		1	Elles	set_117	
travaillent					2	travaillent		
ensemble					3	ensemble		
sur					4	sur		
le					5	le		
changement	other	def-np.the	OLD		6	changement		
climatique					7	climatique		
,					8	,		
par					9	par		
exemple	other_2	indef-np.bare			10	exemple		
.				11	.	
		
# text = Les organisations comme le C40, comme l'ICLEI, que j'ai mentionné, ont travaillé ensemble bien longtemps avant Copenhague.	
Les					1	Les		
organisations	SBJ	def-np.the	OLD		2	organisations		
comme					3	comme		
le					4	le		
C40	other_2	ne	OLD		5	C40		
,					6	,		
comme					7	comme		
l'					8	l'		
ICLEI	other_3	ne	OLD		9	ICLEI	set_118	
,					10	,		
que	OBJ_3				11	que	set_118	
j'	SBJ_3	pron.pper	OLD		12	j'		
ai					13	ai		
mentionné					14	mentionné		
,					15	,		
ont					16	ont		
travaillé					17	travaillé		
ensemble					18	ensemble		
bien					19	bien		
longtemps					20	longtemps		
avant					21	avant		
Copenhague	other	ne	OLD		22	Copenhague	set_201	
.				23	.	
		
# text = A Copenhague, il y a quatre ou cinq ans, 184 nations sont venues expliquer les unes aux autres pourquoi leur souveraineté ne leur permettait pas de s'occuper de la grave, grave crise du changement climatique, mais le maire de Copenhague avait invité 200 maires à participer.	
A					1	A		
Copenhague	other	ne	OLD		2	Copenhague	set_201	
,					3	,		
il					4	il		
y					5	y		
a					6	a		
quatre					7	quatre		
ou					8	ou		
cinq					9	cinq		
ans	OBJ	indef-np.quant			10	ans		
,					11	,		
184					12	184		
nations	SBJ_2	indef-np.quant			13	nations	set_121	
sont					14	sont		
venues					15	venues		
expliquer	SBJ_3							
les								
unes	OBJ_4	def-np.the	OLD					
à								
les								
autres	other_5	pron	OLD					
pourquoi								
leur	other_6	pron.ppos	OLD					
souveraineté	other_5	def-np.poss	OLD					
ne								
leur	OBJ_3	pron.pper	OLD					
permettait					26	permettait		
pas								
de					44	de		
*invité*					47	invité		
*.*					52	.	
**						
*Ils*					1	Ils	set_122	
s'					2	sont		
*venus*					3	venus		
*,*					4	,		
*ils*					5	ils	set_122	
*sont*					6	sont		
*restés*					7	restés		
*,*					8	,		
*et*					9	et		
*ils*					10	ils	set_122	
*ont*					11	ont		
occuper					12	trouvé		
*façons*					14	façons		
*continuent*					20	continuent		
*.*					36	.	
**						
de					10	de		
*de*					6	de		
*carbone*					7	carbone		
*proviennent*					8	proviennent	set_125	
*Et*					1	Et		
*c'*					2	c'	set_127	
*est*					3	est		
*ce*					4	ce		
*qu'*					5	qu'		
*elles*					6	elles	set_129	
*font*					7	font		
*.*					8	.	
**						
*Los*					1	Los	set_133	
*Angeles*					2	Angeles		
*a*					3	a		
*nettoyé*					4	nettoyé		
*son*					5	son	set_133	
*port*					6	port	set_132	
*,*					7	,		
*qui*					8	qui	set_132	
*comptait*					9	comptait		
*pour*					10	pour		
*40*					11	40		
*pour*					12	pour		
*cent*					13	cent		
*de*					14	de		
*émissions*					15	émissions		
*,*					16	,		
*et*					17	et		
*en*					18	en		
*retour*					19	retour		
*a*					20	a		
*diminué*					21	diminué		
*de*					22	de		
*20*					23	20		
*pour*					24	pour		
*cent*					25	cent		
*son*					26	son	set_133	
*carbone*					27	carbone		
*.*					28	.	
**						
*New*					1	New	set_134	
*York*					2	York		
*a*					3	a		
*un*					4	un		
*programme*					5	programme	set_135	
*pour*					6	pour		
*réhabiliter*					7	réhabiliter		
*ses*					8	ses	set_134	
*vieux*					9	vieux		
*immeubles*					10	immeubles	set_136	
*,*					11	,		
*mieux*					12	mieux		
*les*					13	les	set_136	
*isoler*					14	isoler		
*en*					15	en		
*hiver*					16	hiver		
*,*					17	,		
*pour*					18	pour		
*limiter*					19	limiter		
*les*					20	les	set_136	
*pertes*					21	pertes		
*d'*					22	d'		
*énergie*					23	énergie		
*en*					24	en		
*été*					25	été		
*,*					26	,		
*limiter*					27	limiter		
la					28	la		
*climatisation*					29	climatisation		
*.*					30	.	
**						
grave	OBJ_4	indef-np.bare			2	a		
*A*					1	A		
*Bogota*					2	Bogota	set_150	
,					3	,		
*M.*					4	M.	set_137	
*Mockus*					5	Mockus		
*,*					6	,		
*lorsqu'*					7	lorsqu'		
*il*					8	il	set_137	
grave					9	était		
crise	other_5	indef-np.bare			10	maire		
*,*					11	,		
*a*					12	a		
*introduit*					13	introduit		
*un*					14	un		
*moyen*					15	moyen	set_142	
de					16	de		
*transport*					17	transport		
*qui*					18	qui	set_142	
*économise*					19	économise		
*l'*					20	l'		
*énergie*					21	énergie		
*et*					22	et		
*qui*					23	qui	set_142	
*permet*					24	permet		
*bus*					26	bus		
*surface*					28	surface		
*fonctionner*					30	fonctionner		
*.*					42	.	
**						
*Ça*					1	Ça	set_142	
*a*					2	a		
*aidé*					3	aidé		
*l'*					4	l'		
*emploi*					5	emploi		
*,*					6	,		
*parce*					7	parce		
*que*					8	que		
*les*					9	les		
*gens*					10	gens		
*ont*					11	ont		
*pu*					12	pu		
*traverser*					13	traverser		
*la*					14	la		
*ville*					15	ville	set_150	
*,*					16	,		
*et*					17	et		
*ça*					18	ça	set_142	
*a*					19	a		
*aussi*					20	aussi		
*eu*					21	eu		
*un*					22	un		
*profond*					23	profond		
*impact*					24	impact		
*sur*					25	sur		
le					26	le		
changement	other_6	def-np.the	OLD					
climatique					27	climat		
*et*					28	et		
*sur*					29	sur		
*beaucoup*					30	beaucoup		
*d'*					31	d'		
*autres*					32	autres		
*choses*					33	choses		
*là-bas*					34	là-bas	set_150	
*.*					35	.	
**						
*Singapour*					1	Singapour	set_155	
,					2	,		
*en*					3	en		
*même*					4	même		
*temps*					5	temps		
*qu'*					6	qu'		
*elle*					7	elle	set_155	
*construisait*					8	construisait		
*ses*					9	ses	set_155	
*grandes*					10	grandes		
*tours*					11	tours		
*et*					12	et		
*ses*					13	ses	set_155	
*remarquables*					14	remarquables		
*logements*					15	logements		
*sociaux*					16	sociaux		
*,*					17	,		
*a*					18	a		
*aussi*					19	aussi		
*parsemé*					20	parsemé		
*l'*					21	l'		
*île*					22	île	set_155	
*de*					23	de		
*parcs*					24	parcs		
*,*					25	,		
*et*					26	et		
*si*					27	si		
*vous*					28	vous		
*y*					29	y	set_155	
*allez*					30	allez		
*,*					31	,		
*vous*					32	vous		
*verrez*					33	verrez		
*la*					34	la		
*place*					35	place	set_156	
*qui*					36	qui	set_156	
*est*					37	est		
*réservée*					38	réservée		
*espaces*					40	espaces		
*.*					45	.	
**						
*Les*					1	Les		
*villes*					2	villes	set_159	
*font*					3	font		
*tout*					4	tout		
*cela*					5	cela	set_127	
*,*					6	,		
mais					7	mais		
*pas*					8	pas		
*séparément*					9	séparément		
*.*					10	.	
**						
*Elles*					1	Elles	set_159	
le					2	le	set_127	
*font*					3	font		
*ensemble*					4	ensemble		
*.*					5	.	
**						
*Elles*					1	Elles	set_159	
maire	SBJ_2	def-np.poss	OLD		2	partagent		
*ce*					3	ce		
*qu'*					4	qu'		
*elle*					5	elle	set_159	
*font*					6	font		
*,*					7	,		
*et*					8	et		
*elles*					9	elles	set_159	
*obtiennent*					10	obtiennent		
de					11	de		
*résultats*					12	résultats		
*en*					13	en		
*partageant*					14	partageant		
*les*					15	les		
*meilleures*					16	meilleures		
*pratiques*					17	pratiques		
*.*					18	.	
**						
*Le*					1	Le		
Copenhague	other_3	ne	OLD		2	partage	set_160	
*de*					3	de		
*vélos*					4	vélos		
*,*					5	,		
*beaucoup*					6	beaucoup		
*d'*					7	d'		
*entre*					8	entre		
*vous*					9	vous		
*en*					10	en	set_160	
*ont*					11	ont		
*entendu*					12	entendu		
avait					13	parler		
*,*					14	,		
invité					15	a		
*commencé*					16	commencé		
*il*					17	il		
*y*					18	y		
*a*					19	a		
200					20	20		
*ou*					21	ou		
*30*					22	30		
*ans*					23	ans		
*en*					24	en		
*Amérique*					25	Amérique		
*Latine*					26	Latine		
*.*					27	.	
**						
*Maintenant*					1	Maintenant		
maires	OBJ_2	indef-np.quant			2	,		
*ça*					3	ça	set_160	
*existe*					4	existe		
*dans*					5	dans		
*de*					6	de		
*centaines*					7	centaines		
*de*					8	de		
*villes*					10	villes		
à					10	à		
participer					12	le		
*monde*					13	monde		
.				14	.	
		
# text = Ils sont venus, ils sont restés, et ils ont trouvé des façons de travailler ensemble, et continuent à en trouver, de ville à ville, et à travers leurs organisations inter-cités.				
Ils	SBJ	pron.pper	OLD					
sont								
venus								
,								
ils	SBJ_2	pron.pper	OLD					
sont								
restés								
,								
et								
ils	SBJ_3	pron.pper	OLD					
ont								
trouvé								
de								
les								
façons	other_3	def-np.the	OLD					
de								
travailler								
ensemble								
,								
et								
continuent								
à								
en	OBJ_3	pron	OLD					
trouver								
,								
de								
ville	other_3	indef-np.bare						
à								
ville	other_4	indef-np.bare						
,								
et								
à								
travers	other_4	indef-np.bare						
leurs	other_3	pron.ppos	OLD					
organisations	other_2	def-np.poss	OLD					
inter-cités								
.							
	
# text = 80 pour cent des émissions de carbone proviennent des villes, ce qui veut dire que les villes sont bien placées pour résoudre le problème du carbone, du moins en grande partie, peu importe que les états dont elles font partie signent des accords entre eux ou non.				
80	SBJ							
pour								
cent								
de								
les								
émissions	other_3	def-np.the	OLD					
de								
carbone	other_4	indef-np.bare						
proviennent								
de								
les								
villes	other	def-np.the	OLD					
,								
ce	other	pron.pds	OLD					
qui	SBJ_3							
veut								
dire								
que								
les								
villes	SBJ_5	def-np.the	OLD					
sont								
bien								
placées								
pour								
résoudre								
le								
problème	OBJ_6	def-np.the	OLD					
de								
le								
carbone	other_7	def-np.the	OLD					
,								
de								
le								
moins								
en								
grande								
partie	other_8	indef-np.bare						
,								
peu								
importe								
que								
les								
états	SBJ_7	def-np.the	OLD					
dont	OBJ_9							
elles	SBJ_9	pron.pper	OLD					
font								
partie	OBJ_9	indef-np.bare						
signent								
de								
les								
accords	other_7	def-np.the	OLD					
entre								
eux	other_8	pron	OLD					
ou								
non								
.							

# text = Et c'est ce qu'elles font.				
Et								
c'	SBJ	pron.pds	OLD					
est								
ce	other	pron.pds	OLD					
qu'	OBJ_2							
elles	SBJ_2	pron.pper	OLD					
font								
.							

# text = Los Angeles a nettoyé son port, qui comptait pour 40 pour cent des émissions, et en retour a diminué de 20 pour cent son carbone.				
Los	SBJ	ne	OLD					
Angeles	other_2	ne	OLD					
a								
nettoyé								
son	other_2	pron.ppos	OLD					
port	OBJ	def-np.poss	OLD					
,								
qui	SBJ_3							
comptait								
pour								
40								
pour								
cent								
de								
les								
émissions	other_4	def-np.the	OLD					
,								
et								
en								
retour	other_2	indef-np.bare						
a								
diminué								
de								
20								
pour								
cent								
son	other_3	pron.ppos	OLD					
carbone	OBJ_2	def-np.poss	OLD					
.							

# text = New York a un programme pour réhabiliter ses vieux immeubles, mieux les isoler en hiver, pour limiter les pertes d'énergie en été, limiter la climatisation.				
New	SBJ	ne	OLD					
York	other_2	ne	OLD					
a								
un								
programme	OBJ	indef-np.a						
pour								
réhabiliter								
ses	other_3	pron.ppos	OLD					
vieux								
immeubles	OBJ_2	def-np.poss	OLD					
,								
mieux								
les	OBJ_3	pron.pper	OLD					
isoler								
en								
hiver	other_3	indef-np.bare						
,								
pour								
limiter								
les								
pertes	OBJ_3	def-np.the	OLD					
d'								
énergie	other_4	indef-np.bare						
en								
été	other_4	indef-np.bare						
,								
limiter								
la								
climatisation	OBJ_3	def-np.the	OLD					
.							

# text = Ça a un impact.				
Ça	SBJ	pron.pds	OLD					
a								
un								
impact	OBJ	indef-np.a						
.							

# text = A Bogota, M. Mockus, lorsqu'il était maire, a introduit un moyen de transport qui économise l'énergie et qui permet aux bus en surface de fonctionner comme des métros, des bus express avec des couloirs réservés.				
A								
Bogota	other	ne	OLD					
,								
M.	SBJ	ne	OLD					
Mockus	other_2	ne	OLD					
,								
lorsqu'								
il	SBJ_3	pron.pper	OLD					
était								
maire	other_2	indef-np.bare						
,								
a								
introduit								
un								
moyen	OBJ	indef-np.a						
de								
transport	other_2	indef-np.bare						
qui	SBJ_3							
économise								
l'								
énergie	OBJ_3	def-np.the	OLD					
et								
qui	SBJ_5							
permet								
à								
les								
bus	other_5	def-np.the	OLD					
en								
surface	other_5	indef-np.bare						
de								
fonctionner								
comme								
de								
les								
métros	other_6	def-np.the	OLD					
,								
de								
les								
bus								
express	other_6	def-np.the	OLD					
avec								
de								
les								
couloirs	other_6	def-np.the	OLD					
réservés								
.							

# text = Ça a aidé l'emploi, parce que les gens ont pu traverser la ville, et ça a aussi eu un profond impact sur le climat et sur beaucoup d'autres choses là-bas.				
Ça	SBJ	pron.pds	OLD					
a								
aidé								
l'								
emploi	OBJ	def-np.the	OLD					
,								
parce								
que								
les								
gens	SBJ_2	def-np.the	OLD					
ont								
pu								
traverser								
la								
ville	OBJ_3	def-np.the	OLD					
,								
et								
ça	SBJ_2	pron.pds	OLD					
a								
aussi								
eu								
un								
profond								
impact	OBJ_2	indef-np.a						
sur								
le								
climat	other_2	def-np.the	OLD					
et								
sur								
beaucoup								
d'								
autres								
choses	other_4	indef-np.bare						
là-bas	other_5	indef-np.bare						
.							

# text = Singapour, en même temps qu'elle construisait ses grandes tours et ses remarquables logements sociaux, a aussi parsemé l'île de parcs, et si vous y allez, vous verrez la place qui est réservée aux espaces verts et aux parcs.				
Singapour	SBJ	indef-np.bare						
,								
en								
même								
temps	other_2	indef-np.bare						
qu'								
elle	SBJ_3	pron.pper	OLD					
construisait								
ses	other_4	pron.ppos	OLD					
grandes								
tours	OBJ_3	def-np.poss	OLD					
et								
ses	other_5	pron.ppos	OLD					
remarquables								
logements	other_4	def-np.poss	OLD					
sociaux								
,								
a								
aussi								
parsemé								
l'								
île	OBJ	def-np.the	OLD					
de								
parcs	other_2	indef-np.bare						
,								
et								
si								
vous	SBJ_3	pron.pper	OLD					
y	OBJ_3	pron	OLD					
allez								
,								
vous	SBJ_2	pron.pper	OLD					
verrez								
la								
place	OBJ_2	def-np.the	OLD					
qui	SBJ_4							
est								
réservée								
à								
les								
espaces	other_4	def-np.the	OLD					
verts								
et								
à								
les								
parcs	other_5	def-np.the	OLD					
.							

# text = Les villes font tout cela, mais pas séparément.				
Les								
villes	SBJ	def-np.the	OLD					
font								
tout								
cela	OBJ	pron.pds	OLD					
,								
mais								
pas								
séparément								
.							

# text = Elles le font ensemble.				
Elles	SBJ	pron.pper	OLD					
le	OBJ	pron.pper	OLD					
font								
ensemble								
.							

# text = Elles partagent ce qu'elle font, et elles obtiennent des résultats en partageant les meilleures pratiques.				
Elles	SBJ	pron.pper	OLD					
partagent								
ce	OBJ	pron.pds	OLD					
qu'	OBJ_3							
elle	SBJ_3	pron.pper	OLD					
font								
,								
et								
elles	SBJ_2	pron.pper	OLD					
obtiennent								
de								
les								
résultats	other_2	def-np.the	OLD					
en								
partageant								
les								
meilleures								
pratiques	OBJ_3	def-np.the	OLD					
.							

# text = Le partage de vélos, beaucoup d'entre vous en ont entendu parler, a commencé il y a 20 ou 30 ans en Amérique Latine.				
Le								
partage	SBJ	def-np.the	OLD					
de								
vélos	other_2	indef-np.bare						
,								
beaucoup	SBJ_3							
d'								
entre								
vous	other_4	pron.pper	OLD					
en	OBJ_4	pron	OLD					
ont								
entendu								
parler								
,								
a								
commencé								
il	other_2	pron.pper	OLD					
y	other_3	pron	OLD					
a								
20								
ou								
30								
ans	other	indef-np.quant						
en								
Amérique	other	ne	OLD					
Latine								
.							

# text = Maintenant, ça existe dans des centaines de villes à travers le monde.				
Maintenant								
,								
ça	SBJ	pron.pds	OLD					
existe								
dans								
de								
les								
centaines	other	def-np.the	OLD					
de								
villes	other_2	indef-np.bare						
à								
travers	other_3	indef-np.bare						
le								
monde	other	def-np.the	OLD					
.							

# text = Zones piétonnes, péages urbains, normes de pollution, comme dans les villes de Californie, les villes peuvent faire tant de choses, même quand les nations opaques et butées refusent d'agir.				
Zones					1	Zones		
piétonnes	SBJ	indef-np.bare			2	piétonnes		
,					3	,		
péages	other_2	indef-np.bare			4	péages		
urbains					5	urbains		
,					6	,		
normes	other_2	indef-np.bare			7	normes		
de					8	de		
pollution	other_3	indef-np.bare			9	pollution		
,					10	,		
comme					11	comme		
dans					12	dans		
les					13	les		
villes	other_2	def-np.poss	OLD		14	villes		
de					15	de		
Californie	other_3	ne	OLD		16	Californie		
,					17	,		
les					18	les		
villes	other_2	def-np.the	OLD		19	villes	set_161	
peuvent					20	peuvent	set_161	
faire					21	faire		
tant	OBJ_2				22	tant		
de					23	de		
choses	other_3	indef-np.bare			24	choses		
,					25	,		
même					26	même		
quand					27	quand		
les					28	les		
nations	SBJ_2	def-np.the	OLD		29	nations		
opaques					30	opaques		
et					31	et		
butées					32	butées		
refusent					33	refusent		
d'					34	d'		
agir					35	agir		
.				36	.	
		
# text = Alors, que faut-il en conclure ?	
Alors					1	Alors		
,					2	,		
que	OBJ	pron.pint			3	que		
faut					4	faut		
-il	SBJ	pron.pper	OLD		5	-il		
en								
conclure					7	conclure		
?				8		
		
# text = Il faut en conclure que nous continuons à vivre politiquement dans un monde de frontières, un monde de limites, un monde de murs, un monde dans lequel les états refusent d'agir ensemble.	
Il					1	Il		
faut					2	faut		
en					3	en	set_161	
conclure					4	conclure		
que					5	que		
nous	SBJ_3	pron.pper	OLD		6	nous		
continuons					7	continuons		
à					8	à		
vivre					9	vivre		
politiquement					10	politiquement		
dans					11	dans		
un					12	un		
monde	other_4	indef-np.a			13	monde		
de					14	de		
frontières	other_5	indef-np.bare			15	frontières		
,					16	,		
un					17	un		
monde	other_3	indef-np.a			18	monde		
de					19	de		
limites	other_4	indef-np.bare			20	limites		
,					21	,		
un					22	un		
monde	other_4	indef-np.a			23	monde		
de					24	de		
murs	other_5	indef-np.bare			25	murs		
,					26	,		
un					27	un		
monde	other_3	indef-np.a			28	monde	set_162	
dans					29	dans		
lequel					30	lequel	set_162	
les					31	les		
états	SBJ_5	def-np.the	OLD		32	états		
refusent					33	refusent		
d'					34	d'		
agir					35	agir		
ensemble					36	ensemble		
.				37	.	
		
--	
# text = Et pourtant, nous savons que la réalité que nous vivons au jour le jour est celle d'un monde sans frontières, un monde de maladies sans frontières et de médecins sans frontières, "Maladies sans frontières", "Médecins Sans Frontières", d'économies et de technologies sans frontières, d'éducation sans frontières, de terrorisme et de guerres sans frontières.				
Et					1	Et		
pourtant					2	pourtant		
,					3	,		
nous	SBJ	pron.pper	OLD		4	nous		
savons					5	savons		
*celle*					17	celle		
*,*					47	,		
*d'*					48	d'		
*et*					50	et		
*de*					51	de		
*sans*					53	sans	set_167	
*frontières*					54	frontières		
*,*					55	,		
*d'*					56	d'		
*éducation*					57	éducation	set_167	
*sans*					58	sans	set_167	
*frontières*					59	frontières		
*,*					60	,		
*de*					61	de		
*terrorisme*					62	terrorisme	set_167	
*et*					63	et		
*de*					64	de		
*guerres*					65	guerres	set_167	
*sans*					66	sans	set_167	
*frontières*					67	frontières		
*.*					68	.	
**						
*Ca*					1	Ca	set_167	
*,*					2	,		
*c'*					3	c'		
*est*					4	est		
*le*					5	le		
*monde*					6	monde		
*réel*					7	réel		
*,*					8	,		
*et*					9	et		
*à*					10	à		
*moins*					11	moins		
que					12	qu'		
*on*					13	on		
*trouve*					14	trouve	set_165	
*le*					15	le		
*moyen*					16	moyen		
*de*					17	de		
*mondialiser*					18	mondialiser		
la					19	la		
réalité	SBJ_2	def-np.the	OLD		20	démocratie		
*,*					21	,		
*ou*					22	ou		
que	OBJ_4				23	de		
*démocratiser*					24	démocratiser		
*la*					25	la		
*mondialisation*					26	mondialisation		
*,*					27	,		
nous	SBJ_4	pron.pper	OLD		28	nous		
vivons					29	allons	set_165	
*non*					30	non		
*seulement*					31	seulement		
*risquer*					32	risquer		
*de*					33	de		
*plus*					34	plus		
*en*					35	en		
*plus*					36	plus		
*d'*					37	d'		
*échouer*					38	échouer		
*dans*					39	dans		
*la*					40	la		
*résolution*					41	résolution		
*de*					42	de		
*tous*					43	tous		
*ces*					44	ces		
*problèmes*					45	problèmes	set_167	
*transnationaux*					46	transnationaux		
*,*					47	,		
*mais*					48	mais		
*on*					49	on		
*va*					50	va		
*risquer*					51	risquer		
*de*					52	de		
*perdre*					53	perdre		
*la*					54	la		
*démocratie*					55	démocratie	set_168	
*elle-même*					56	elle-même	set_168	
*,*					57	,		
*enfermés*					58	enfermés		
*dans*					59	dans		
*la*					60	la		
*boîte*					61	boîte		
*État-Nation*					65	État-Nation		
*incapable*					67	incapable		
*.*					76	.	
**						
*Alors*					1	Alors	set_166	
*,*					2	,		
*où*					3	où		
*tout*					4	tout		
*cela*					5	cela	set_165	
*nous*					6	nous		
*conduit*					7	conduit		
*-il*					8	-il	set_165	
*_*					10		
**						
*Je*					1	Je		
*vais*					2	vais		
*vous*					3	vous		
*le*					4	le	set_166	
*dire*					5	dire		
*.*					6	.	
**						
*passe*					14	passe		
*Elle*					1	Elle	set_169	
*passe*					2	passe		
*par*					3	par		
*les*					4	les		
*villes*					5	villes		
*.*					6	.	
**						
*La*					1	La		
*démocratie*					2	démocratie	set_171	
*est*					3	est		
*née*					4	née		
*dans*					5	dans		
*les*					6	les		
*anciennes*					7	anciennes		
*polis*					8	polis		
*.*					9	.	
**						
*Je*					1	Je		
*crois*					2	crois		
*qu'*					3	qu'		
*elle*					4	elle	set_171	
*peut*					5	peut		
*renaître*					6	renaître		
*dans*					7	dans		
*la*					8	la		
*cosmopolis*					9	cosmopolis		
*mondiale*					10	mondiale		
*.*					11	.	
**						
*Dans*					1	Dans		
*ce*					2	ce		
*voyage*					3	voyage		
*de*					4	de		
*la*					5	la		
*polis*					6	polis		
à					7	à		
*la*					8	la		
*cosmopolis*					9	cosmopolis		
*,*					10	,		
*on*					11	on		
*peut*					12	peut		
*redécouvrir*					13	redécouvrir		
le					14	le		
jour	other_3	def-np.the	OLD					
le								
jour	other_3	def-np.the	OLD					
est								
celle	other	pron.pds	OLD					
d'								
un								
monde	other_2	indef-np.a						
sans								
frontières	other_3	indef-np.bare						
,								
un								
monde	other_3	indef-np.a						
de								
maladies	other_4	indef-np.bare						
sans								
frontières	other_5	indef-np.bare						
et								
de								
médecins	other_6	indef-np.bare						
sans								
frontières	other_5	indef-np.bare						
,								
&quot;								
Maladies	other_4	ne	OLD					
sans								
frontières	other_5	indef-np.bare						
&quot;								
,								
&quot;								
Médecins	other_5	ne	OLD					
Sans	other_6	ne	OLD					
Frontières	other_6	ne	OLD					
&quot;								
,								
d'								
économies	other_3	indef-np.bare						
et								
de								
technologies	other_3	indef-np.bare						
sans								
frontières	other_4	indef-np.bare						
,								
d'								
éducation	other_5	indef-np.bare						
sans								
frontières	other_6	indef-np.bare						
,								
de								
terrorisme	other_5	indef-np.bare						
et								
de								
guerres	other_5	indef-np.bare						
sans								
frontières	other_6	indef-np.bare						
.							

# text = Ca, c'est le monde réel, et à moins qu'on trouve le moyen de mondialiser la démocratie, ou de démocratiser la mondialisation, nous allons non seulement risquer de plus en plus d'échouer dans la résolution de tous ces problèmes transnationaux, mais on va risquer de perdre la démocratie elle-même, enfermés dans la boîte du vieil État-Nation, incapable de gérer les problèmes mondiaux de façon démocratique.				
Ca	other	pron.pds	OLD					
,								
c'	SBJ	pron.pds	OLD					
est								
le								
monde	other	def-np.the	OLD					
réel								
,								
et								
à								
moins								
qu'								
on	SBJ_2	pron	OLD					
trouve								
le								
moyen	OBJ_2	def-np.the	OLD					
de								
mondialiser								
la								
démocratie	OBJ_4	def-np.the	OLD					
,								
ou								
de								
démocratiser								
la								
mondialisation	OBJ_3	def-np.the	OLD					
,								
nous	SBJ_2	pron.pper	OLD					
allons								
non								
seulement								
risquer								
de								
plus								
en								
plus								
d'								
échouer								
dans								
la								
résolution	other_4	def-np.poss	OLD					
de								
tous								
ces								
problèmes	other_5	def-np.dem	OLD					
transnationaux								
,								
mais								
on	SBJ_3	pron	OLD					
va								
risquer								
de								
perdre								
la								
démocratie	OBJ_5	def-np.the	OLD					
elle-même								
,								
enfermés								
dans								
la								
boîte	other_6	def-np.poss	OLD					
de								
le								
vieil								
État-Nation	other_7	ne	OLD					
,								
incapable								
de								
gérer								
les								
problèmes	OBJ_7	def-np.the	OLD					
mondiaux								
de								
façon	other_8	indef-np.bare						
démocratique								
.							

# text = Alors, où tout cela nous conduit-il ?				
Alors								
,								
où								
tout								
cela	SBJ_2	pron.pds	OLD					
nous	OBJ_2	pron.pper	OLD					
conduit								
-il	SBJ_2	pron.pper	OLD					
?							

# text = Je vais vous le dire.				
Je	SBJ	pron.pper	OLD					
vais								
vous	OBJ	pron.pper	OLD					
le	OBJ_2	pron.pper	OLD					
dire								
.							

# text = La route de la démocratie mondiale ne passe pas par les états.				
La								
route	SBJ	def-np.the	OLD					
de								
la								
démocratie	other_2	def-np.the	OLD					
mondiale								
ne								
passe								
pas								
par								
les								
états	other	def-np.the	OLD					
.							

# text = Elle passe par les villes.				
Elle	SBJ	pron.pper	OLD					
passe								
par								
les								
villes	other	def-np.the	OLD					
.							

# text = La démocratie est née dans les anciennes polis.				
La								
démocratie	SBJ	def-np.the	OLD					
est								
née								
dans								
les								
anciennes								
polis								
.							

# text = Je crois qu'elle peut renaître dans la cosmopolis mondiale.				
Je	SBJ	pron.pper	OLD					
crois								
qu'								
elle	SBJ_2	pron.pper	OLD					
peut								
renaître								
dans								
la								
cosmopolis	other_3	def-np.the	OLD					
mondiale								
.							

# text = Dans ce voyage de la polis à la cosmopolis, on peut redécouvrir le pouvoir de la démocratie à l'échelon mondial.				
Dans								
ce								
voyage	other	def-np.dem	OLD					
de								
la								
polis	other_2	def-np.the	OLD					
à								
la								
cosmopolis	other_3	def-np.the	OLD					
,								
on	SBJ	pron	OLD					
peut								
redécouvrir								
le								
pouvoir	OBJ_2	def-np.the	OLD		15	pouvoir		
de					16	de		
la					17	la		
démocratie	other_3	def-np.the	OLD		18	démocratie		
à					19	à		
l'					20	l'		
échelon	other_4	def-np.the	OLD		21	échelon		
mondial					22	mondial		
.				23	.	
		
# text = Nous pouvons créer non pas une Société des Nations, qui a échoué, mais une Société des Cités, non pas les Nations-Unies ou les Nations-dés-Unies, mais les Cités Unies du Monde.	
Nous	SBJ	pron.pper	OLD		1	Nous		
pouvons					2	pouvons		
créer					3	créer		
non					4	non		
pas					5	pas		
une					6	une		
Société	OBJ_2	indef-np.a			7	Société	set_172	
de								
les								
Nations	other_3	def-np.the	OLD		10	Nations		
,								
qui	SBJ_4							
a								
échoué					13	échoué		
,								
mais								
une								
Société	other_4	def-np.poss	OLD					
de								
les								
Cités	other_5	ne	OLD					
,								
non								
pas								
les								
Nations-Unies	other_5	ne	OLD					
ou								
les								
Nations-dés-Unies	other_6	ne	OLD					
,								
mais								
les								
Cités	other_5	def-np.the	OLD					
Unies								
de								
le								
Monde	other_6	def-np.the	OLD					
.				38	.	
		
# text = un parlement mondial des maires.	
un								
parlement	other	indef-np.a			2	parlement	set_175	
mondial								
de								
les								
maires	other	def-np.the	OLD					
.							
	
# text = C'est une idée.				
C'	SBJ	pron.pds	OLD		1	C'	set_175	
est					2	est		
une					3	une		
idée	other	indef-np.a			4	idée		
.				5	.	
		
# text = C'est ma conception du monde à venir, mais c'est aussi sur le bureau des maires de Séoul, en Corée, d'Amsterdam, de Hambourg et de New York.	
C'	SBJ	pron.pds	OLD					
est								
ma	other	pron.ppos	OLD					
conception	other	def-np.poss	OLD		4	conception		
de								
le								
monde	other	def-np.the	OLD					
à					12	à		
venir								
,								
mais								
c'	SBJ_2	pron.pds	OLD					
est								
aussi								
sur								
le								
bureau	other	def-np.the	OLD					
de								
les								
maires	other_2	def-np.poss	OLD					
de								
Séoul	other_3	ne	OLD					
,								
en								
Corée	other_4	ne	OLD					
,								
d'								
Amsterdam	other_4	ne	OLD					
,								
de								
Hambourg	other_4	ne	OLD					
et								
de								
New	other_4	ne	OLD					
York	other_5	ne	OLD					
.							
	
# text = Les maires sont en train de réfléchir à la façon de constituer un parlement mondial des maires, et j'aime cette idée, parce qu'un parlement de maires est un parlement de citoyens, et un parlement de citoyens, c'est un parlement de nous, de vous et de moi.				
Les					1	Les		
maires	SBJ	def-np.the	OLD		2	maires		
sont					3	sont		
en					4	en		
train	other	indef-np.bare			5	train		
de					6	de		
réfléchir					7	réfléchir		
à					8	à		
la					9	la		
façon	other_2	def-np.the	OLD		10	façon		
de					11	de		
constituer					12	constituer		
un					13	un		
parlement	OBJ_3	indef-np.a			14	parlement	set_176	
mondial					15	mondial		
de								
les								
maires	other_4	def-np.the	OLD		17	maires		
,								
et								
j'	SBJ_2	pron.pper	OLD					
aime					21	aime		
cette								
idée	OBJ_2	def-np.dem	OLD					
,								
parce					25	parce		
qu'								
un					27	un		
parlement	SBJ_3	indef-np.a			28	parlement		
de					29	de		
maires	other_4	indef-np.bare			30	maires		
est					31	est		
un					32	un		
parlement	other_2	indef-np.a						
de					34	de		
citoyens	other_3	indef-np.bare			35	citoyens		
,					36	,		
et					37	et		
un					38	un		
parlement	other_3	indef-np.a			39	parlement	set_202	
de					40	de	set_202	
citoyens	other_4	indef-np.bare			41	citoyens		
,					42	,		
c'	SBJ_4	pron.pds	OLD		43	c'	set_202	
est					44	est		
un					45	un		
parlement	other_3	def-np.poss	OLD		46	parlement		
de					47	de		
nous	other_4	pron.pper	OLD		48	nous		
,					49	,		
de					50	de		
vous	other_3	pron.pper	OLD		51	vous		
et					52	et		
de					53	de		
moi	other_3	pron	OLD		54	moi		
.				55	.	
		
# text = S'il y avait un jour des citoyens sans frontières, je crois que ce seraient les citoyens de TED, qui promettent d'être ces citoyens sans frontières.	
S'								
il								
y								
avait								
un								
jour	OBJ_2	indef-np.a						
de								
les								
citoyens	other_3	def-np.the	OLD					
sans								
frontières	other_4	indef-np.bare						
,								
je	SBJ	pron.pper	OLD					
crois					13	crois		
que								
ce	SBJ_2	pron.pds	OLD					
seraient								
les								
citoyens	other	def-np.poss	OLD					
de								
TED	other_2	ne	OLD					
,								
qui	SBJ_4							
promettent								
d'								
être								
ces								
citoyens	other_4	def-np.dem	OLD					
sans								
frontières	other_5	indef-np.bare						
.							
	
# text = Je suis prêt à rejoindre et à accueillir une nouvelle démocratie mondiale, pour nous réapproprier notre démocratie.				
Je	SBJ	pron.pper	OLD		1	Je		
suis					2	suis		
prêt					3	prêt		
à					4	à		
rejoindre					5	rejoindre	set_180	
et					6	et		
à					7	à		
accueillir					8	accueillir		
une					9	une		
nouvelle					10	nouvelle		
démocratie	OBJ_3	indef-np.a			11	démocratie		
mondiale					12	mondiale		
,					13	,		
pour					14	pour		
nous	OBJ_2	pron.pper	OLD		15	nous		
réapproprier					16	réapproprier		
notre	other_3	pron.ppos	OLD		17	notre		
démocratie	OBJ_2	def-np.poss	OLD		18	démocratie		
.				19	.	
		
# text = Et la seule question est : l'êtes-vous ?	
Et								
la								
seule								
question	SBJ	def-np.the	OLD					
est								
:								
l'	SBJ	pron.pper	OLD					
êtes								
-vous	other	pron.pper	OLD		10	-vous		
?							
	
# text = Merci beaucoup, mes concitoyens.				
Merci					1	Merci		
beaucoup					2	beaucoup		
,					3	,		
mes	other_2	pron.ppos	OLD		4	mes		
concitoyens	other	def-np.poss	OLD		5	concitoyens		
.				6	.	
		
# text = Merci.	
Merci					1	Merci		
.				2	.	
		


