# text = Já conheci muitos peixes na minha vida.				
Já					1	Já		
conheci					2	conheci		
muitos					3	muitos		
peixes	OBJ	indef-np			4	peixes	set_0	
em								
a					5	a		
minha	other_2	pron.ppos	OLD		6	minha		
vida	other	def-np.the	OLD		7	vida		
.				8	.	
		
# text = Só amei dois.	
Só					1	Só		
amei					2	amei	set_99	
dois	OBJ				3	dois	set_0	
.				4	.	
		
# text = O primeiro foi mais como uma relação apaixonada.	
_					1			
primeiro	SBJ				2	primeiro	set_0	
foi					3	foi		
mais					4	mais		
como								
uma								
relação	other	indef-np.a			7	relação		
apaixonada								
.				8	.	
		
# text = Era um peixe lindo, saboroso, texturado, carnudo, um best-seller no menu.	
Era					1	Era		
um					2	um		
peixe	other	indef-np.a			3	peixe	set_0	
lindo					4	lindo		
,					5	,		
saboroso					6	saboroso		
,					7	,		
texturado					8	texturado		
,					9	,		
carnudo	other_2	indef-np.bare			10	carnudo		
,					11	,		
um					12	um		
best-seller	other_2	def-np.poss	OLD		13	best-seller		
em					14	em		
o								
menu	other_3	def-np.the	OLD		15	menu		
.				16	.	
		
# text = Mas que peixe! (Risos)	
Mas								
que								
peixe	other	indef-np.bare			2	peixe	set_0	
!								
(								
Risos	other	indef-np.bare						
)							
	
# text = Ainda por cima, supostamente, era produzido segundo os mais altos padrões de sustentabilidade.				
Ainda								
por								
cima	other	indef-np.bare			3	cima		
,					5	,		
supostamente								
,								
era					6	era	set_0	
produzido					8	produzido		
segundo					9	segundo		
os					10	os		
mais					11	mais		
altos					12	altos		
padrões	other	def-np.poss	OLD		13	padrões		
de					14	de		
sustentabilidade	other_2	indef-np.bare			15	sustentabilidade		
.				16	.	
		
# text = Portanto, podia-me sentir bem em vendê-lo.	
Portanto								
,								
podia								
me	OBJ	pron.pper	OLD					
sentir								
bem								
em								
vendê								
lo	OBJ_3	pron.pper	OLD		3	lo		
.							
	
# text = Tive uma relação com esta beldade durante vários meses.				
Tive					1	Tive		
uma					2	uma		
relação	OBJ	def-np.poss	OLD		3	relação		
com					4	com		
esta					5	esta		
beldade	other_2	def-np.dem	OLD		6	beldade	set_0	
durante					7	durante		
vários					8	vários		
meses	other	indef-np			9	meses		
.				10	.	
		
# text = Um dia, o diretor da empresa telefonou-me perguntando se queria falar num evento sobre a sustentabilidade da piscicultura.	
Um								
dia	other	indef-np.quant						
,								
o								
diretor	SBJ	def-np.poss	OLD					
de								
a					10	a		
empresa	other_2	def-np.the	OLD					
telefonou								
me	OBJ	pron.pper	OLD					
perguntando								
se								
queria								
falar								
em								
um								
evento	OBJ_4	def-np.poss	OLD					
sobre								
a								
sustentabilidade	other_5	def-np.poss	OLD					
de								
a								
piscicultura	other_6	def-np.the	OLD					
.							
	
--	1	''		
# text = "Claro que sim", respondi.				
&quot;								
Claro					2	Claro		
que	OBJ_2				3	que		
sim					4	sim		
&quot;								
,					5	,		
respondi					6	respondi		
.				7	.	
		
--	
# text = Ali estava uma empresa que tentava resolver o que se tornara num problema inimaginável para os nossos \"chefs\".				
Ali					1	Ali	set_3	
estava					2	estava		
uma					3	uma		
empresa	SBJ	indef-np.a			4	empresa	set_3	
que	SBJ_3				5	que	set_3	
tentava					6	tentava		
resolver					7	resolver		
o	OBJ_4	pron.pds	OLD		8	o		
que	OBJ_6				9	que		
se	SBJ_6	pron.pper	OLD		10	se		
tornara					11	tornara		
em								
um								
problema	other_6	def-np.poss	OLD		13	problema		
inimaginável								
para								
os								
nossos	other_8	pron.ppos	OLD					
&quot;								
chefs	other_7	def-np.the	OLD					
&quot;								
.				19	.	
		
# text = Como é que mantemos o peixe nos nossos menus?	
Como								
é								
que								
mantemos					23	mantemos		
o								
peixe	OBJ	def-np.the	OLD					
em								
os								
nossos	other_2	pron.ppos	OLD					
menus	other	def-np.the	OLD					
?							
	
# text = Nos últimos 50 anos temos pescado nos mares da mesma forma que devastamos as florestas.				
Em								
os								
últimos								
50								
anos	other	def-np.quant	OLD					
temos								
pescado					6	pescado	set_7	
em								
os								
mares	other	def-np.poss	OLD					
de								
a								
mesma								
forma	other_2	def-np.the	OLD					
que	SBJ_4							
devastamos								
as								
florestas	OBJ_4	def-np.the	OLD					
.							
	
# text = É difícil exagerar essa destruição.				
É					1	É		
difícil					2	difícil		
exagerar					3	exagerar		
essa					4	essa		
destruição	OBJ_2	def-np.dem	OLD		5	destruição	set_7	
.				6	.	
		
# text = 90 % dos peixes grandes, aqueles que adoramos, os atuns, os alabotes, os salmões, os espadartes, entraram em colapso.	
90					1	90		
%					2	%		
de					3	de		
os								
peixes	other_2	def-np.the	OLD		5	peixes	set_8	
grandes					6	grandes		
,					7	,		
aqueles	SBJ	pron.pds	OLD		8	aqueles	set_8	
que	SBJ_3				9	que	set_8	
adoramos					10	adoramos		
,					11	,		
os					12	os		
atuns	OBJ_3	def-np.the	OLD		13	atuns	set_8	
,					14	,		
os					15	os		
alabotes	OBJ_3	def-np.the	OLD		16	alabotes	set_8	
,					17	,		
os					18	os		
salmões	other_4	def-np.the	OLD		19	salmões		
,					20	,		
os					21	os		
espadartes	other_4	def-np.the	OLD		22	espadartes		
,					23	,		
entraram					24	entraram		
em					25	em		
colapso	other	indef-np.bare			26	colapso		
.				27	.	
		
# text = Já quase não há nada.	
Já					1	Já		
quase					2	quase		
não					3	não		
há					4	há		
nada	OBJ	pron.pind			5	nada		
.				6	.	
		
# text = Portanto, para o bem ou para o mal, a aquicultura, a piscicultura, vai fazer parte do nosso futuro.	
Portanto					1	Portanto		
,					2	,		
para					3	para		
o					4	o		
bem	other_2	def-np.the	OLD		5	bem		
ou					6	ou		
para					7	para		
o					8	o		
mal	other_3	def-np.the	OLD		9	mal		
,					10	,		
a					11	a		
aquicultura	other_3	def-np.the	OLD		12	aquicultura		
,					13	,		
a					14	a		
piscicultura	other_4	def-np.the	OLD		15	piscicultura	set_83	
,					16	,		
vai					17	vai		
fazer					18	fazer		
parte	OBJ	def-np.poss	OLD		19	parte		
de					20	de		
o								
nosso	other_3	pron.ppos	OLD		21	nosso		
futuro	other_2	def-np.the	OLD		22	futuro		
.				23	.	
		
# text = Há imensos argumentos contra isso.	
Há					1	Há		
imensos					2	imensos		
argumentos	OBJ	def-np.poss	OLD		3	argumentos		
contra					4	contra		
isso	other_2	pron.pds	OLD		5	isso	set_10	
.				6	.	
		
# text = As pisciculturas poluem, pelo menos, a maioria delas fazem-no, e são ineficazes, vejam o caso do atum, que foi um grande revés.	
As								
pisciculturas	SBJ	def-np.the	OLD					
poluem					3	poluem	set_11	
,								
por								
o								
menos	other	def-np.the	OLD					
,								
a								
maioria	SBJ_2	def-np.poss	OLD					
de								
elas	other_3	pron.pper	OLD					
fazem								
no	OBJ_2	pron.pper	OLD					
,								
e								
são								
ineficazes								
,								
vejam								
o								
caso	OBJ_4	def-np.poss	OLD					
de								
o								
atum	other_5	def-np.the	OLD					
,								
que	SBJ_7							
foi								
um								
grande								
revés	other_6	indef-np.a						
.							
	
# text = Tem uma taxa de conversão alimentar de quinze para um.				
Tem					1	Tem		
uma					2	uma		
taxa	OBJ	def-np.poss	OLD		3	taxa	set_13	
de					4	de		
conversão	other_2	def-np.poss	OLD		5	conversão		
alimentar					6	alimentar		
de					7	de		
quinze					8	quinze		
para					9	para		
um					10	um		
.				11	.	
		
# text = O que significa que são necessários 15 quilos de peixe do mar, para se obter um quilo de atum de viveiro.	
_	other	pron.pds	OLD		1		set_13	
que	SBJ_2				2	que	set_13	
significa					3	significa		
que					4	que		
são					5	são		
necessários					6	necessários		
15					7	15		
quilos	SBJ_3	def-np.poss	OLD		8	quilos		
de					9	de		
peixe	other_4	def-np.poss	OLD		10	peixe		
de								
o								
mar	other_5	def-np.the	OLD					
,					12	,		
para					14	para		
se					15	se		
obter					16	obter		
um					17	um		
quilo	OBJ_4	def-np.poss	OLD		18	quilo		
de					19	de		
atum	other_5	def-np.poss	OLD		20	atum		
de					21	de		
viveiro	other_6	indef-np.bare			22	viveiro		
.				23	.	
		
# text = Não é muito sustentável.	
Não					1	Não		
é					2	é	set_13	
muito					3	muito		
sustentável					4	sustentável		
.				5	.	
		
# text = E também não sabe lá muito bem.	
E					1	E		
também					2	também		
não					3	não		
sabe					4	sabe	set_12	
lá					5	lá		
muito					6	muito		
bem					7	bem		
.				8	.	
		
# text = Portanto, aqui estava finalmente uma empresa a tentar fazer tudo bem.	
Portanto					1	Portanto		
,					2	,		
aqui					3	aqui		
estava					4	estava		
finalmente					5	finalmente		
uma					6	uma		
empresa	SBJ	indef-np.a			7	empresa	set_3	
a					8	a		
tentar					9	tentar		
fazer					10	fazer		
tudo	OBJ_4	pron.pind			11	tudo		
bem					12	bem		
.				13	.	
		
# text = Eu quis apoiá-los.	
Eu	SBJ	pron.pper	OLD		1	Eu		
quis					2	quis		
apoiá					3	apoiá		
los	OBJ_2	pron.pper	OLD					
.				4	.		
	
# text = No dia anterior ao evento telefonei ao responsável das relações públicas da empresa.				
Em								
o								
dia	other	def-np.the	OLD					
anterior								
a								
o								
evento	other_3	def-np.the	OLD					
telefonei					6	telefonei		
a								
o								
responsável	OBJ	def-np.poss	OLD					
de								
as								
relações	other_2	def-np.poss	OLD					
públicas								
de								
a								
empresa	other_3	def-np.the	OLD					
.							
	
--				
# text = Vamos chamar-lhe Don. "Don," disse eu, "só para ter a certeza de tudo, "vocês são conhecidos por terem a piscicultura				
Vamos								
chamar								
lhe	OBJ	pron.pper	OLD					
Don.	SBJ	ne	OLD					
&quot;								
Don	other_2	ne	OLD		2	Don	set_85	
*''*					1	''		
*''*					1	''		
*:*					1	:		
*''*					1	''		
*''*					1	''		
*''*					1	''		
,					1	''2,5		
&quot;					
*dão*					14	dão		
disse					5	disse		
*cama*					6	cama		
*proteína*					17	proteína	set_15	
eu	SBJ_2	pron.pper	OLD		1	Em		
*alguns*					10	alguns	set_4	
,					11	,		
&quot;								
só								
para								
ter								
a								
certeza	OBJ_2	def-np.poss	OLD					
de					12	de		
tudo	other_3	pron.pind			14	Don	set_15	
*perguntei*					17	perguntei	set_85	
*:*					18	:		
*''*					19	''		
,					20	,		
&quot;					21	,		
vocês	SBJ_3	pron.pper	OLD		22	antes		
são					3	dia		
conhecidos					15			
por					16	''	
terem								
a								
piscicultura	OBJ_3	def-np.the	OLD				
		
--	
# text = "tão longe da costa que não poluem." "Certo", disse ele.				
&quot;								
tão								
longe					1	Ele	set_85	
de					2	disse		
a								
costa	other_2	def-np.the	OLD					
que	SBJ_4				3	que		
não					4	não		
poluem.	OBJ_4				5	sabia	set_85	
&quot;								
&quot;								
Certo								
&quot;								
,					6	,		
disse					7	mas		
ele	SBJ_4	pron.pper	OLD		8	que		
*ia*					9	ia		
*perguntar*					10	perguntar	set_85	
.				11	.	
		
--	
# text = \"Estamos tão longe \"que os resíduos do peixe se espalham, \"não se concentram.\"	1	Acabei		
&quot;					2	por		
Estamos					10	pessoas		
tão					6	telefone		
longe					16	soube		
&quot;					
que					25	tive		
os					
resíduos	SBJ_2	def-np.poss	OLD		3	chamar		
*Don*					2	Don	set_16	
*mencionou*					2	mencionou	set_18	
*algumas*					3	algumas		
*alimentos*					7	alimentos		
de					10	de		
o								
peixe	other_3	def-np.the	OLD					
se								
espalham								
,								
&quot;								
não								
se								
concentram								
.								
&quot;							
	
*Grânulos*					16	Grânulos	set_18	
# text = E depois acrescentou:	12	disse	set_18	
E					1	Ele	set_16	
depois					2	disse	set_18	
acrescentou								
:				3	:	
		
--				
# text = \"Basicamente somos um mundo para nós próprios\".				
&quot;								
Basicamente								
somos								
um								
mundo	other	def-np.poss	OLD					
para								
nós	other	indef-np.bare						
próprios								
&quot;								
.							
	
--				
# text = "A vossa taxa de conversão alimentar?" "É 2,5 para um", disse ele.				
&quot;A								
vossa	other_3	pron.ppos	OLD					
taxa	OBJ_2	def-np.poss	OLD					
de								
conversão	other_3	indef-np.bare						
alimentar								
?								
&quot;								
&quot;É								
2,5								
para								
um								
&quot;								
,								
disse								
ele	SBJ	pron.pper	OLD					
.							

--				
# text = "A melhor da indústria." É 2,5 para um, ótimo.				
&quot;								
A								
melhor								
de								
a								
indústria	other_2	def-np.the	OLD					
.								
&quot;								
É								
2,5								
para								
um								
,								
ótimo								
.							

--				
# text = \"2,5 para um, o quê?				
&quot;2,5								
para								
um								
,								
o								
quê	other	pron.pint						
?							

--				
# text = O que é que lhes dão como alimento?\" \"Proteínas sustentáveis\", respondeu ele.				
_	other_2	pron.pds	OLD					
que	SBJ	pron.pint						
é								
que								
lhes	OBJ	pron.pper	OLD					
dão								
como								
alimento	other	indef-np.bare						
?								
&quot;								
&quot;								
Proteínas	OBJ	indef-np.bare						
sustentáveis								
&quot;								
,								
respondeu								
ele	SBJ_3	pron.pper	OLD					
.							

--				
# text = "Ótimo", disse eu e desliguei o telefone.				
&quot;								
Ótimo	SBJ	ne	OLD					
&quot;								
,								
disse								
eu	OBJ	pron.pper	OLD					
e								
desliguei								
o								
telefone	OBJ_2	def-np.the	OLD					
.							

# text = Nessa noite, estava na cama e comecei a pensar:				
Em								
essa								
noite	other	def-np.dem	OLD					
,								
estava								
em								
a								
cama	other	def-np.poss	OLD					
e								
comecei								
a								
pensar								
:							

# text = Que diabo é uma proteína sustentável?				
Que	other_2	pron.pint						
diabo	SBJ	indef-np						
é								
uma								
proteína	other	indef-np.a						
sustentável								
?							

--				
# text = No dia seguinte, mesmo antes do evento, telefonei ao Don e perguntei: \"Don, quais são alguns exemplos de proteínas sustentáveis?\"				
Em								
o								
dia	other	def-np.the	OLD					
seguinte								
,								
mesmo								
antes								
de								
o								
evento	other_2	def-np.the	OLD					
,								
telefonei								
a								
o								
Don	OBJ	ne	OLD					
e								
perguntei								
:								
&quot;								
Don	OBJ	ne	OLD					
,								
quais	SBJ_2							
são								
alguns								
exemplos	other	def-np.poss	OLD					
de								
proteínas	other_2	indef-np.bare						
sustentáveis								
?								
&quot;							

# text = Ele disse que não sabia, mas que ia perguntar.				
Ele	SBJ	pron.pper	OLD					
disse								
que								
não								
sabia								
,								
mas								
que								
ia								
perguntar								
.							

# text = Acabei por falar ao telefone com algumas pessoas da empresa.				
Acabei								
por								
falar								
a								
o								
telefone	OBJ_2	def-np.the	OLD					
com								
algumas								
pessoas	OBJ_2	def-np.poss	OLD					
de								
a								
empresa	other_3	def-np.the	OLD					
.							

# text = Ninguém me soube dar uma resposta exata.				
Ninguém	SBJ	pron.pind						
me	OBJ	pron.pper	OLD					
soube								
dar								
uma								
resposta	OBJ_2	indef-np.a						
exata								
.							

# text = Até que finalmente tive ao telefone o biólogo chefe.				
Até								
que								
finalmente								
tive								
a								
o								
telefone	other	def-np.the	OLD					
o								
biólogo	OBJ	def-np.the	OLD					
chefe	other_2	indef-np.bare						
.							

# text = Vamos também chamar-lhe Don.				
Vamos								
também								
chamar								
lhe	OBJ	pron.pper	OLD					
Don.	OBJ	ne	OLD				

--				
# text = "Don", disse-lhe eu, "quais são alguns exemplos				
&quot;								
Don	other	ne	OLD					
&quot;								
,								
disse								
lhe	OBJ_3	pron.pper	OLD					
eu	SBJ_3	pron.pper	OLD					
,								
&quot;								
quais								
são								
alguns								
exemplos	SBJ_2	indef-np					

# text = Ele mencionou algumas algas e alguns alimentos de peixe, e depois disse;				
Ele	SBJ	pron.pper	OLD					
mencionou								
algumas								
algas	OBJ	indef-np						
e								
alguns								
alimentos	other_2	def-np.poss	OLD					
de								
peixe	other_3	indef-np.bare						
,								
e								
depois								
disse								
;							

--				
# text = "Grânulos de frango".				
&quot;								
Grânulos	other	def-np.poss	OLD					
de								
frango	other	indef-np.bare						
&quot;								
.							

--				
# text = \"Grânulos de frango?\", disse eu.				
&quot;								
Grânulos	SBJ	def-np.poss	OLD					
de								
frango	other_2	indef-np.bare						
?								
&quot;								
,								
disse								
eu	SBJ	pron.pper	OLD					
.							

# text = Ele disse:				
Ele	SBJ	pron.pper	OLD					
disse								
:							

--				
# text = \"Sim, feita com penas, peles, ossos, restos, \"secos e processados para rações.\" \"Qual a percentagem da alimentação que é frango?\" perguntei eu, a pensar nuns dois por cento.				
&quot;								
Sim								
,								
feita								
com								
penas	OBJ	indef-np.bare						
,								
peles	other_2	indef-np.bare						
,								
ossos	other_2	indef-np.bare						
,								
restos	other_2	indef-np.bare						
,								
&quot;								
secos	other_2	indef-np.bare						
e								
processados	other_2	indef-np.bare						
para								
rações	other_4	indef-np.bare						
.								
&quot;								
&quot;								
Qual	other_5	pron.pint						
a								
percentagem	SBJ_4	def-np.poss	OLD					
de								
a								
alimentação	other_5	def-np.the	OLD		28	alimentação	set_18	
que	SBJ_6							
é								
frango								
?								
&quot;								
perguntei								
eu	OBJ_4	pron.pper	OLD					
,								
a								
pensar								
nuns								
dois								
por	OBJ_5							
cento								
.							
	
--				
# text = "É cerca de 30 %", respondeu ele.				
&quot;								
É								
cerca								
de								
30								
%								
&quot;								
,								
respondeu					13	respondeu	set_18	
ele	SBJ	pron.pper	OLD					
.							
	
--				
# text = Eu perguntei: \"Don, o que há de sustentável em alimentar peixes com frango?\" Houve uma longa pausa no outro lado da linha, e ele disse:				
Eu	SBJ	pron.pper	OLD		1	Eu		
perguntei					2	perguntei	set_18	
:					21	:		
&quot;					22	''		
Don	SBJ_2	ne	OLD					
,					25	,		
o	other_3	pron.pds	OLD					
que	SBJ_5	pron.pint						
há								
de								
sustentável	OBJ_5							
em								
alimentar								
peixes	OBJ_6	indef-np.bare						
com								
frango	other_6	indef-np.bare						
?								
&quot;								
Houve								
uma								
longa								
pausa	OBJ_2	indef-np.a						
em								
o								
outro								
lado	other_2	def-np.poss	OLD					
de								
a								
linha	other_3	def-np.the	OLD					
,								
e								
ele	SBJ_3	pron.pper	OLD					
disse								
:							
	
--				
# text = "Há frangos a mais no mundo." Deixei de amar este peixe.				
&quot;								
Há					17	Há		
frangos	OBJ	indef-np.bare						
a								
mais								
em								
o								
mundo	other	def-np.the	OLD					
.								
&quot;								
Deixei								
de								
amar								
este								
peixe	OBJ_3	def-np.dem	OLD					
.							
	
# text = Não porque eu seja doido por comida pretensiosa com a mania de ser certinho em tudo — o que sou na realidade.				
Não								
porque								
eu	SBJ	pron.pper	OLD					
seja								
doido								
por								
comida	other	indef-np.bare						
pretensiosa								
com								
a								
mania	other	def-np.poss	OLD					
de								
ser								
certinho								
em								
tudo	other_2	pron.pind						
—								
o	other	pron.pds	OLD					
que	SBJ_3							
sou								
em								
a								
realidade	other_2	def-np.the	OLD					
.							

# text = Não.				
Não								
.							

# text = Deixei de gostar daquele peixe porque — juro — depois daquela conversa, o peixe sabia-me a frango.				
Deixei								
de								
gostar								
de								
aquele								
peixe	other_2	def-np.dem	OLD					
porque								
—								
juro	other_3	indef-np.bare						
—								
depois								
de								
aquela								
conversa	other_5	def-np.dem	OLD					
,								
o								
peixe	SBJ_3	def-np.the	OLD					
sabia								
me	OBJ_3	pron.pper	OLD					
a								
frango	other_3	indef-np.bare						
.							

# text = Este segundo peixe é um tipo diferente de história de amor.				
Este								
segundo								
peixe	SBJ	def-np.dem	OLD					
é								
um								
tipo	other	def-np.poss	OLD					
diferente								
de								
história	other	def-np.poss	OLD					
de								
amor	other_2	indef-np.bare						
.							

# text = É do tipo romântico, do tipo em que, quanto melhor se conhece o peixe mais nos apaixonamos por ele.				
É								
de								
o								
tipo	other	def-np.poss	OLD					
romântico								
,								
de								
o								
tipo	other	def-np.the	OLD					
em								
que								
,								
quanto								
melhor								
se	SBJ_3	pron.pper	OLD					
conhece								
o								
peixe	OBJ_3	def-np.the	OLD					
mais								
em								
os	other_5	pron.pds	OLD					
apaixonamos								
por								
ele	other_5	pron.pper	OLD					
.							

# text = A primeira vez que o comi foi num restaurante no sul de Espanha.				
A								
primeira								
vez	other	def-np.the	OLD					
que								
o								
comi	SBJ_2	def-np.the	OLD					
foi								
em								
um								
restaurante	other_2	indef-np.a						
em								
o								
sul	other_2	def-np.poss	OLD					
de								
Espanha	other_3	ne	OLD					
.							

# text = Um jornalista minha amiga já me tinha falado neste peixe há muito.				
Um								
jornalista	other	indef-np.a						
minha	other_3	pron.ppos	OLD					
amiga	SBJ_2	indef-np						
já								
me	OBJ_2	pron.pper	OLD					
tinha								
falado								
em								
este								
peixe	other_2	def-np.dem	OLD					
há								
muito	OBJ_3							
.							

# text = De certo modo, ela arranjou-nos um encontro.				
De								
certo								
modo	other	indef-np						
,								
ela	SBJ	pron.pper	OLD					
arranjou								
nos	OBJ	pron.pper	OLD					
um								
encontro	OBJ	indef-np.a						
.							

# text = Veio para a mesa com uma cor branca viva, quase brilhante.				
Veio	other	def-np.poss	OLD					
para								
a								
mesa	other	def-np.poss	OLD					
com								
uma								
cor	other_2	indef-np.a						
branca								
viva								
,								
quase								
brilhante								
.							

--				
# text = O "chef" tinha-o cozinhado demais.				
_								
&quot;								
chef	SBJ	def-np.the	OLD					
&quot;								
tinha								
o								
cozinhado	OBJ	def-np.the	OLD					
demais								
.							

# text = Para aí, o dobro do tempo.				
Para								
aí								
,								
o								
dobro	other	def-np.poss	OLD					
de								
o								
tempo	other_2	def-np.the	OLD					
.							

# text = Espantosamente, ainda estava delicioso.				
Espantosamente								
,								
ainda								
estava								
delicioso								
.							

# text = Quem é que consegue fazer um peixe saber bem mesmo depois de o ter cozinhado demais?				
Quem	SBJ	pron.pint						
é								
que								
consegue								
fazer								
um								
peixe	OBJ_2	indef-np.a						
saber								
bem								
mesmo								
depois								
de								
o	OBJ_4	pron.pper	OLD					
ter								
cozinhado								
demais								
?							

# text = Eu não consigo, mas este tipo conseguiu.				
Eu	SBJ	pron.pper	OLD					
não								
com								
si	OBJ	pron.pper	OLD					
,								
mas								
este								
tipo	SBJ	def-np.dem	OLD					
conseguiu								
.							

# text = Vamos chamar-lhe Miguel.				
Vamos								
chamar								
lhe	OBJ	pron.pper	OLD					
Miguel	OBJ	ne	OLD					
.							

# text = Ele chama-se mesmo Miguel.				
Ele	SBJ	pron.pper	OLD					
chama								
se								
mesmo								
Miguel	other	ne	OLD					
.							

--				
# text = Não foi ele que cozinhou o peixe, ele não é um "chef".				
Não								
foi								
ele	other	pron.pper	OLD					
que	SBJ_2							
cozinhou								
o								
peixe	OBJ_2	def-np.the	OLD					
,								
ele	SBJ_2	pron.pper	OLD					
não								
é								
um								
&quot;								
chef	other	indef-np.a						
&quot;								
.							

--				
# text = Pelo menos, "chef" tal como entendemos.				
Por								
o								
menos	other	def-np.the	OLD					
,								
&quot;								
chef	SBJ	indef-np.bare						
&quot;								
tal								
como								
entendemos								
.							

# text = Ele é biólogo em Veta La Palma.				
Ele	SBJ	pron.pper	OLD					
é								
biólogo								
em								
Veta	other	ne	OLD					
La	other_2	ne	OLD					
Palma	other_2	ne	OLD					
.							

# text = É uma piscicultura no canto sudoeste de Espanha.				
É								
uma								
piscicultura	other	def-np.poss	OLD					
em								
o								
canto	other	def-np.the	OLD					
sudoeste								
de								
Espanha	other_2	ne	OLD					
.							

# text = Fica na ponta do rio Guadalquivir.				
Fica								
em								
a								
ponta	other	def-np.poss	OLD					
de								
o								
rio	other_2	def-np.the	OLD					
Guadalquivir	other_3	ne	OLD					
.							

# text = Até aos anos 80, a quinta esteve nas mãos de argentinos.				
Até								
a								
os								
anos	other	def-np.quant	OLD					
80								
,								
a								
quinta	SBJ							
esteve								
em								
as								
mãos	other	def-np.poss	OLD					
de								
argentinos	other	indef-np.bare						
.							

# text = Criavam gado bovino, naquilo que era basicamente uma zona húmida.				
Criavam								
gado	OBJ	indef-np.bare						
bovino								
,								
em								
aquilo	other	pron.pds	OLD					
que	SBJ_3							
era								
basicamente								
uma								
zona	other_2	indef-np.a						
húmida								
.							

# text = Fizeram-no drenando a terra.				
Fizeram								
no	OBJ	pron.pper	OLD					
drenando								
a								
terra	OBJ_2	def-np.the	OLD					
.							

# text = Construíram um conjunto intrincado de canais e forçaram a água a escoar da terra para o rio.				
Construíram								
um								
conjunto	OBJ	indef-np.a						
intrincado								
de								
canais	OBJ_3	indef-np.bare						
e								
forçaram								
a								
água	OBJ_2	def-np.the	OLD					
a								
escoar								
de								
a								
terra	other_3	def-np.the	OLD					
para								
o								
rio	other_3	def-np.the	OLD					
.							

# text = Não conseguiram que isso resultasse, economicamente.				
Não								
conseguiram								
que								
isso	SBJ_2	pron.pds	OLD					
resultasse								
,								
economicamente								
.							

# text = E ecologicamente, foi um desastre.				
E								
ecologicamente								
,								
foi								
um								
desastre	other	indef-np.a						
.							

# text = Dizimaram 90 % das aves, o que, para este local, são muitas aves.				
Dizimaram								
90								
%	OBJ							
de								
as								
aves	OBJ	def-np.the	OLD					
,								
o	other	pron.pds	OLD					
que	SBJ_3							
,								
para								
este								
local	other_3	def-np.dem	OLD					
,								
são								
muitas								
aves	other_2	indef-np						
.							

# text = Então, em 1982, uma empresa espanhola com preocupações ambientais comprou os terrenos.				
Então								
,								
em								
1982								
,								
uma								
empresa	SBJ	def-np.poss	OLD					
espanhola								
com								
preocupações	other_2	indef-np.bare						
ambientais								
comprou								
os								
terrenos	OBJ	def-np.the	OLD					
.							

# text = O que é que fizeram?				
_	other_2	pron.pds	OLD					
que	OBJ	pron.pint						
é								
que								
fizeram								
?							

# text = Inverteram o fluxo da água.				
Inverteram								
o								
fluxo	OBJ	def-np.poss	OLD					
de								
a								
água	other_2	def-np.the	OLD					
.							

# text = Literalmente viraram tudo ao contrário.				
Literalmente								
viraram								
tudo	OBJ	pron.pind						
a								
o								
contrário	other	def-np.the	OLD					
.							

# text = Em vez de expulsar a água, utilizaram os canais para a fazer entrar.				
Em								
vez	other_3	indef-np.bare						
de								
expulsar								
a								
água	OBJ_2	def-np.the	OLD					
,								
utilizaram								
os								
canais	OBJ	def-np.the	OLD					
para								
a								
fazer								
entrar								
.							

# text = Inundaram os canais.				
Inundaram								
os								
canais	SBJ	def-np.the	OLD					
.							

# text = Criaram uma piscicultura de quase 11 000 hectares — robalos, salmonetes, camarões, enguias.				
Criaram								
uma								
piscicultura	OBJ	def-np.poss	OLD					
de								
quase								
11								
000								
hectares	other_2	indef-np.quant						
—								
robalos	other_3	indef-np.bare						
,								
salmonetes	other_4	indef-np.bare						
,								
camarões	other_4	indef-np.bare						
,								
enguias	other_4	indef-np.bare						
.							

# text = A fazerem isso, o Miguel e esta empresa inverteram por completo a destruição ecológica.				
A								
fazerem								
isso	OBJ_2	pron.pds	OLD					
,								
o								
Miguel	SBJ	ne	OLD					
e								
esta								
empresa	other_2	def-np.dem	OLD					
inverteram								
por								
completo	other	indef-np.bare						
a								
destruição	OBJ	def-np.the	OLD					
ecológica								
.							

# text = A piscicultura é incrível.				
A								
piscicultura	SBJ	def-np.the	OLD					
é								
incrível								
.							

# text = Nunca vi nada assim.				
Nunca								
vi								
nada	OBJ	pron.pind						
assim								
.							

# text = Olhamos para o horizonte, que está a milhares de quilómetros de distância, e só vemos canais inundados e este pântano espesso e rico.				
Olhamos								
para								
o								
horizonte	other	def-np.the	OLD					
,								
que	SBJ_3							
está								
a								
milhares	other_3	def-np.poss	OLD					
de								
quilómetros	other_4	def-np.poss	OLD					
de								
distância	other_5	indef-np.bare						
,								
e								
só								
vemos								
canais	OBJ_2	indef-np.bare						
inundados								
e								
este								
pântano	other_3	def-np.dem	OLD					
espesso								
e								
rico								
.							

# text = Estive lá há não muito tempo com o Miguel.				
Estive								
lá								
há								
não								
muito								
tempo	OBJ	def-np.poss	OLD					
com								
o								
Miguel	other_2	ne	OLD					
.							

# text = É um tipo espantoso, três quartos Charles Darwin, um quarto Crocodilo Dundee.				
É								
um								
tipo	other	indef-np.a						
espantoso								
,								
três								
quartos								
Charles	other	ne	OLD					
Darwin	other_2	ne	OLD					
,								
um								
quarto	other_2	indef-np						
Crocodilo	other_3	ne	OLD					
Dundee	other_4	ne	OLD					
.							

# text = Ok?				
Ok	other	ne	OLD					
?							

# text = Lá íamos nós, a caminhar com esforço através dos pântanos, comigo a arfar e a transpirar, com lama até aos joelhos, e o Miguel calmamente a dar-me uma aula de biologia.				
Lá								
íamos								
nós	OBJ	pron.pper	OLD					
,								
a								
caminhar								
com								
esforço	OBJ_2	indef-np.bare						
através								
de								
os								
pântanos	other_3	def-np.the	OLD					
,								
com								
mim	OBJ_2	pron.pper	OLD					
a								
arfar								
e								
a								
transpirar								
,								
com								
lama	other_4	def-np.poss	OLD					
até								
a								
os								
joelhos	other_5	def-np.the	OLD					
,								
e								
o								
Miguel	other_3	ne	OLD					
calmamente								
a								
dar								
me	OBJ_4	pron.pper	OLD					
uma								
aula	OBJ_4	def-np.poss	OLD					
de								
biologia	other_5	indef-np.bare						
.							

# text = Tão depressa me aponta um peneireiro cinzento raro.				
Tão								
depressa								
me	OBJ	pron.pper	OLD					
aponta								
um								
peneireiro	SBJ	indef-np.a						
cinzento								
raro								
.							

# text = como, logo a seguir, enuncia as necessidades minerais do fitoplâncton.				
como								
,								
logo								
a								
seguir								
,								
enuncia								
as								
necessidades	SBJ	def-np.poss	OLD					
minerais								
de								
o								
fitoplâncton	other_2	def-np.the	OLD					
.							

# text = Aqui, vê um padrão de agrupamento que lhe lembra a girafa da Tanzânia.				
Aqui								
,								
vê								
um								
padrão	OBJ	def-np.poss	OLD					
de								
agrupamento	other_2	indef-np.bare						
que	SBJ_3							
lhe	OBJ_3	pron.pper	OLD					
lembra								
a								
girafa	OBJ_3	def-np.poss	OLD					
de								
a								
Tanzânia	other_4	ne	OLD					
.							

# text = Sucede que o Miguel passou a maior parte da sua carreira no Parque Nacional Mikumi em África.				
Sucede								
que								
o								
Miguel	SBJ_2	ne	OLD					
passou								
a								
maior								
parte	OBJ_2	def-np.poss	OLD					
de								
a								
sua	other_4	pron.ppos	OLD					
carreira	other_3	def-np.the	OLD					
em								
o								
Parque	other_2	ne	OLD					
Nacional	other_3	ne	OLD					
Mikumi	other_3	ne	OLD					
em								
África	other_2	ne	OLD					
.							

--				
# text = Perguntei-lhe: \"Como te tornaste especialista em peixe?\" \"Em peixe?				
Perguntei								
lhe	OBJ	pron.pper	OLD					
:								
&quot;								
Como								
te	SBJ_2	pron.pper	OLD					
tornaste								
especialista								
em								
peixe?								
&quot;								
&quot;								
Em								
peixe	OBJ_2	indef-np.bare						
?							

# text = Eu não sabia nada de peixe.				
Eu	SBJ	pron.pper	OLD					
não								
sabia								
nada	OBJ	pron.pind						
de								
peixe	other_2	indef-np.bare						
.							

--				
# text = \"Eu sou um especialista em relacionamentos\".				
&quot;								
Eu	SBJ	pron.pper	OLD					
sou								
um								
especialista	other	def-np.poss	OLD					
em								
relacionamentos	other	indef-np.bare						
&quot;								
.							

# text = E continuou a conversar sobre aves e algas raras e plantas aquáticas estranhas.				
E								
continuou								
a								
conversar								
sobre								
aves	OBJ_2	indef-np.bare						
e								
algas	other_3	indef-np.bare						
raras								
e								
plantas	other_3	indef-np.bare						
aquáticas								
estranhas								
.							

# text = Não me interpretem mal, foi mesmo fascinante, uma espécie de comunidade biótica em versão acústica.				
Não								
me	OBJ_2	pron.pper	OLD					
interpretem								
mal								
,								
foi								
mesmo								
fascinante								
,								
uma								
espécie	other	def-np.poss	OLD					
de								
comunidade	other_2	def-np.poss	OLD					
biótica								
em								
versão	other_3	indef-np.bare						
acústica								
.							

# text = Foi ótimo, mas eu estava apaixonado.				
Foi								
ótimo								
,								
mas								
eu	SBJ_2	pron.pper	OLD					
estava								
apaixonado								
.							

# text = E só pensava naquele peixe delicioso, mas cozinhado demais, que tinha comido na noite anterior.				
E								
só								
pensava								
em								
aquele								
peixe	other	def-np.dem	OLD					
delicioso								
,								
mas								
cozinhado								
demais								
,								
que	SBJ_3							
tinha								
comido								
em								
a								
noite	other_3	def-np.the	OLD					
anterior								
.							

--				
# text = Então, interrompi-o e perguntei: "Miguel, porque é que o vosso peixe sabe tão bem?"				
Então								
,								
interrompi								
o	OBJ	pron.pper	OLD					
e								
perguntei								
:								
&quot;								
Miguel	SBJ	ne	OLD					
,								
porque								
é								
que								
o								
vosso	other_3	pron.ppos	OLD					
peixe	SBJ_2	def-np.the	OLD					
sabe								
tão								
bem								
?								
&quot;							

# text = Ele apontou para as algas.				
Ele	SBJ	pron.pper	OLD					
apontou								
para								
as								
algas	other	def-np.the	OLD					
.							

--				
# text = \"Eu sei, meu, as algas, o fitoplâncton, \"as relações, é fascinante.				
&quot;								
Eu	SBJ	pron.pper	OLD					
sei								
,								
meu								
,								
as								
algas	OBJ	def-np.the	OLD					
,								
o								
fitoplâncton	other_2	def-np.the	OLD					
,								
&quot;								
as								
relações	SBJ_2	def-np.the	OLD					
,								
é								
fascinante								
.							

--				
# text = \"Mas o que é que os vossos peixes comem?\" \"Qual é a taxa de conversão alimentar?\" Então ele continuou explicando-me que o sistema é tão rico que os peixes comem o que comeriam no meio natural.				
&quot;								
Mas								
o	other_2	pron.pds	OLD					
que	SBJ	pron.pint						
é								
que								
os								
vossos	other_2	pron.ppos	OLD					
peixes	other	def-np.the	OLD					
comem?								
&quot;								
&quot;								
Qual	SBJ_2	pron.pint						
é								
a								
taxa	SBJ	def-np.poss	OLD					
de								
conversão	other_2	indef-np.bare						
alimentar								
?								
&quot;								
Então								
ele	SBJ	pron.pper	OLD					
continuou								
explicando								
me	OBJ_2	pron.pper	OLD					
que								
o								
sistema	SBJ_3	def-np.the	OLD					
é								
tão								
rico								
que								
os								
peixes	SBJ_4	def-np.the	OLD					
comem								
o	OBJ_4	pron.pds	OLD					
que	SBJ_6	pron.pint						
comeriam								
em								
o								
meio	other_6	def-np.the	OLD					
natural								
.							

# text = A biomassa vegetal, o fitoplâncton, o zooplâncton, é o que alimenta os peixes.				
A								
biomassa	SBJ	def-np.the	OLD					
vegetal								
,								
o								
fitoplâncton	other_2	def-np.the	OLD					
,								
o								
zooplâncton	other_2	def-np.the	OLD					
,								
é								
o	other	pron.pds	OLD					
que	SBJ_2							
alimenta								
os								
peixes	OBJ_2	def-np.the	OLD					
.							

# text = O sistema é tão saudável que se autorrenova integralmente.				
_								
sistema	SBJ	def-np.the	OLD					
é								
tão								
saudável								
que								
se								
autorrenova								
integralmente								
.							

# text = Não há qualquer alimento.				
Não								
há								
qualquer								
alimento	OBJ	indef-np						
.							

# text = Já ouviram falar de uma piscicultura que não alimente os seus animais?				
Já								
ouviram								
falar								
de								
uma								
piscicultura	OBJ_2	def-np.poss	OLD					
que	SBJ_4							
não								
alimente								
os								
seus	other_4	pron.ppos	OLD					
animais	other_3	def-np.the	OLD					
?							

--				
# text = Mais tarde nesse mesmo dia, visitei a propriedade, com o Miguel e perguntei-lhe: \"Num local que parece tão natural, \"tão diferente de qualquer outro onde já estive, \"como é que vocês medem o sucesso?\" Nesse momento, foi como se um realizador de cinema pedisse uma mudança de cenário.				
Mais								
tarde								
em								
esse								
mesmo								
dia	other_2	def-np.dem	OLD					
,								
visitei								
a								
propriedade	OBJ	def-np.the	OLD					
,								
com								
o								
Miguel	other	ne	OLD					
e								
perguntei								
lhe	OBJ_2	pron.pper	OLD					
:								
&quot;								
Em								
um								
local	other_2	indef-np.a						
que	SBJ_4							
parece								
tão								
natural								
,								
&quot;								
tão								
diferente								
de								
qualquer								
outro	other_6	pron.pind						
onde								
já								
estive								
,								
&quot;								
como								
é								
que								
vocês	SBJ_8	pron.pper	OLD					
medem								
o								
sucesso	OBJ_8	def-np.the	OLD					
?								
&quot;								
Em								
esse								
momento	other_7	def-np.dem	OLD					
,								
foi								
como								
se								
um								
realizador	SBJ_8	def-np.poss	OLD					
de								
cinema	other_9	indef-np.bare						
pedisse								
uma								
mudança	OBJ_8	def-np.poss	OLD					
de								
cenário	other_9	indef-np.bare						
.							

# text = Virámos a esquina e vi o espetáculo mais espantoso.				
Virámos								
a								
esquina	OBJ	def-np.the	OLD					
e								
vi								
o								
espetáculo	OBJ_2	def-np.the	OLD					
mais								
espantoso								
.							

# text = Milhares e milhares de flamingos cor-de-rosa, literalmente um tapete cor de rosa a perder de vista.				
Milhares	other	def-np.poss	OLD					
e								
milhares	other	indef-np.bare						
de								
flamingos	other	indef-np.bare						
cor-de-rosa								
,								
literalmente								
um								
tapete	other	indef-np.a						
cor								
de								
rosa	other_3	indef-np.bare						
a								
perder								
de								
vista	other_3	indef-np.bare						
.							

--				
# text = \"Isto é sucesso\", disse ele.				
&quot;								
Isto	SBJ_2	pron.pds	OLD					
é								
sucesso	other	indef-np.bare						
&quot;								
,								
disse								
ele	SBJ	pron.pper	OLD					
.							

--				
# text = "Olha para as barrigas, cor-de-rosa.				
&quot;								
Olha								
para								
as								
barrigas	other	def-np.the	OLD					
,								
cor-de-rosa								
.							

--				
# text = "Estão-se a banquetear." "A banquetear?"				
&quot;								
Estão								
se								
a								
banquetear.	SBJ	def-np.the	OLD					
&quot;								
&quot;								
A								
banquetear								
?								
&quot;							

# text = Eu estava confuso.				
Eu	SBJ	pron.pper	OLD					
estava								
confuso								
.							

--				
# text = "Miguel, eles estão a banquetear-se com os vossos peixes?" "Sim", disse ele.				
&quot;								
Miguel	SBJ_2	ne	OLD					
,								
eles	other_3	pron.pper	OLD					
estão								
a								
banquetear								
se								
com								
os								
vossos	other_3	pron.ppos	OLD					
peixes	other_2	def-np.the	OLD					
?								
&quot;								
&quot;								
Sim								
&quot;								
,								
disse								
ele	SBJ_3	pron.pper	OLD					
.							

--				
# text = "Perdemos 20 % de peixe e das ovas para as aves".				
&quot;								
Perdemos								
20								
%	OBJ							
de								
peixe	other_2	indef-np.bare						
e								
de								
as								
ovas	other_3	def-np.poss	OLD					
para								
as								
aves	other_4	def-np.the	OLD					
&quot;								
.							

--				
# text = "No ano passado, esta propriedade tinha 600 000 aves, "com mais de 250 espécies diferentes.				
&quot;								
Em								
o								
ano	other	def-np.the	OLD					
passado								
,								
esta								
propriedade	SBJ	def-np.dem	OLD					
tinha								
600								
000								
aves	OBJ	indef-np.quant						
,								
&quot;								
com								
mais								
de								
250								
espécies	other	indef-np.quant						
diferentes								
.							

--				
# text = "É hoje o maior "e um dos mais importantes "santuários de aves privados de toda a Europa."				
&quot;								
É								
hoje								
o								
maior								
&quot;								
e								
um								
de								
os								
mais								
importantes								
&quot;								
santuários	other	def-np.poss	OLD					
de								
aves	other_2	indef-np.bare						
privados								
de								
toda								
a								
Europa	other_4	ne	OLD					
.								
&quot;							

--				
# text = E eu: "Miguel, uma população florescente de aves "não é a última coisa que se quer numa piscicultura?" Ele abanou a cabeça e explicou: "Nós produzimos de forma extensiva, não intensiva.				
E								
eu	other	pron.pper	OLD					
:								
&quot;								
Miguel	other	ne	OLD					
,								
uma								
população	other_2	def-np.poss	OLD					
florescente								
de								
aves	other_3	indef-np.bare						
&quot;								
não								
é								
a								
última								
coisa	other_2	def-np.the	OLD					
que	SBJ_4							
se								
quer								
em								
uma								
piscicultura	other_4	indef-np.a						
?								
&quot;								
Ele	SBJ_3	pron.pper	OLD					
abanou								
a								
cabeça	OBJ_3	def-np.the	OLD					
e								
explicou								
:								
&quot;								
Nós	OBJ_4	pron.pper	OLD					
produzimos								
de								
forma	other_4	indef-np.bare						
extensiva								
,								
não								
intensiva								
.							

--				
# text = \"Isto é uma rede ecológica.				
&quot;								
Isto	SBJ	pron.pds	OLD					
é								
uma								
rede	other	indef-np.a						
ecológica								
.							

--				
# text = "Os flamingos comem camarão.				
&quot;								
Os								
flamingos	SBJ	def-np.the	OLD					
comem								
camarão	OBJ	indef-np.bare						
.							

--				
# text = \"O camarão come o fitoplâncton.				
&quot;								
_								
camarão	SBJ	def-np.the	OLD					
come								
o								
fitoplâncton	OBJ	def-np.the	OLD					
.							

--				
# text = "Quanto mais cor-de-rosa forem as barrigas dos flamingos, "melhor é o sistema.				
&quot;								
Quanto								
mais								
cor-de-rosa								
forem								
as								
barrigas	SBJ	def-np.poss	OLD					
de								
os								
flamingos	other_2	def-np.the	OLD					
,								
&quot;								
melhor								
é								
o								
sistema	SBJ	def-np.the	OLD					
.							

--				
# text = "Vamos lá então fazer uma revisão.				
&quot;								
Vamos								
lá								
então								
fazer								
uma								
revisão	OBJ_2	indef-np.a						
.							

--				
# text = \"Uma piscicultura que não alimenta os seus animais \"e uma piscicultura que mede o seu sucesso \"pela saúde dos seus predadores.				
&quot;								
Uma								
piscicultura	other	indef-np.a						
que	SBJ_2							
não								
alimenta								
os								
seus	other_3	pron.ppos	OLD					
animais	OBJ_2	def-np.the	OLD					
&quot;								
e								
uma								
piscicultura	other	indef-np.a						
que	SBJ_3							
mede								
o								
seu	other_4	pron.ppos	OLD					
sucesso	OBJ_3	def-np.the	OLD					
&quot;								
por								
a								
saúde	other_3	def-np.poss	OLD					
de								
os								
seus	other_5	pron.ppos	OLD					
predadores	other_4	def-np.the	OLD					
.							

--				
# text = "Uma piscicultura, mas também um santuário de aves.				
&quot;								
Uma								
piscicultura	other	indef-np.a						
,								
mas								
também								
um								
santuário	other	def-np.poss	OLD					
de								
aves	other_2	indef-np.bare						
.							

--				
# text = \"Ah, e já agora, os flamingos nem sequer lá deviam estar.				
&quot;Ah								
,								
e								
já								
agora								
,								
os								
flamingos	SBJ	def-np.poss	OLD					
nem								
sequer	other_2	indef-np.bare						
lá								
deviam								
estar								
.							

--				
# text = "Reproduzem-se numa cidade a 240 km de distância, "onde as condições do solo são melhores para construírem os ninhos.				
&quot;								
Reproduzem								
se								
em								
uma								
cidade	other	indef-np.a						
a								
240								
km	other	def-np.poss	OLD					
de								
distância	other_2	indef-np.bare						
,								
&quot;								
onde								
as								
condições	SBJ_4	def-np.poss	OLD					
de								
o								
solo	other_5	def-np.the	OLD					
são								
melhores								
para								
construírem								
os								
ninhos	OBJ_5	def-np.the	OLD					
.							

--				
# text = \"Todas as manhãs, voam 240 km até à quinta.				
&quot;								
Todas								
as								
manhãs	SBJ	def-np.the	OLD					
,								
voam								
240								
km	OBJ	def-np.poss	OLD					
até								
a								
a								
quinta	other_2	def-np.the	OLD					
.							

--				
# text = \"E ao anoitecer, voam 240 km de volta.				
&quot;								
E								
a								
o								
anoitecer	other	def-np.the	OLD					
,								
voam								
240								
km	OBJ	def-np.poss	OLD					
de								
volta	other_2	indef-np.bare						
.							

--				
# text = \"Fazem-no porque são capazes de seguir \"o tracejado branco da autoestrada A92.\" Não estou a brincar.				
&quot;								
Fazem								
no	OBJ	pron.pper	OLD					
porque								
são								
capazes								
de								
seguir								
&quot;								
o								
tracejado	OBJ_3	def-np.poss	OLD					
branco								
de								
a								
autoestrada	other_4	def-np.the	OLD					
A92	other_5	ne	OLD					
.								
&quot;								
Não								
estou								
a								
brincar								
.							

# text = Fiquei a imaginar uma marcha de pinguins, por isso olhei para o Miguel e disse:				
Fiquei								
a								
imaginar								
uma								
marcha	OBJ_3	def-np.poss	OLD					
de								
pinguins	other_4	indef-np.bare						
,								
por								
isso	other_2	pron.pds	OLD					
olhei								
para								
o								
Miguel	other_2	ne	OLD					
e								
disse								
:							

--				
# text = \"Miguel, elas voam 240 km até aqui \"e depois voam 240 km de volta à noite?				
&quot;								
Miguel	other	ne	OLD					
,								
elas	SBJ_2	pron.pper	OLD					
voam								
240								
km	OBJ_2	def-np.poss	OLD					
até								
aqui	other_3	indef-np.bare						
&quot;								
e								
depois								
voam								
240								
km	OBJ_3	def-np.poss	OLD					
de								
volta	other_4	indef-np.bare						
a								
a								
noite	other_3	def-np.the	OLD					
?							

--				
# text = "Fazem-no pelas crias?" Ele olhou para mim como se eu estivesse a citar uma canção de Whitney Houston.				
&quot;								
Fazem								
no	OBJ	pron.pper	OLD					
por								
as								
crias	other	def-np.the	OLD					
?								
&quot;								
Ele	SBJ_2	pron.pper	OLD					
olhou								
para								
mim	other_2	pron.pper	OLD					
como								
se								
eu	SBJ_4	pron.pper	OLD					
estivesse								
a								
citar								
uma								
canção	OBJ_4	def-np.poss	OLD					
de								
Whitney	other_5	ne	OLD					
Houston	other_6	ne	OLD					
.							

--				
# text = \"Não,\" respondeu.				
&quot;								
Não								
,								
&quot;								
respondeu								
.							

--				
# text = Fazem-no porque a comida é melhor.\" Não falei na pele do meu bem-amado peixe, que era deliciosa e eu não gosto de pele de peixe.				
Fazem								
no	OBJ	pron.pper	OLD					
porque								
a								
comida	SBJ_2	def-np.the	OLD					
é								
melhor								
.								
&quot;								
Não								
falei								
em								
a								
pele	OBJ_3	def-np.poss	OLD					
de								
o								
meu	other_5	pron.ppos	OLD					
bem-amado								
peixe	other_4	def-np.the	OLD					
,								
que	SBJ_6							
era								
deliciosa								
e								
eu	SBJ_7	pron.pper	OLD					
não								
gosto								
de								
pele	OBJ_7	def-np.poss	OLD					
de								
peixe	other_8	indef-np.bare						
.							

# text = Não gosto dela tostada.				
Não								
gosto								
de								
ela	OBJ	pron.pper	OLD					
tostada								
.							

# text = Não gosto dela crocante.				
Não								
gosto								
de								
ela	OBJ	indef-np.bare						
crocante								
.							

# text = Tem aquele sabor acre, como se fosse alcatrão.				
Tem								
aquele								
sabor	SBJ_2	def-np.dem	OLD					
acre								
,								
como								
se								
fosse								
alcatrão	other_2	indef-np.bare						
.							

# text = Quase nunca cozinho com a pele.				
Quase								
nunca								
cozinho								
com								
a								
pele	other	def-np.the	OLD					
.							

# text = Mas, quando a provei naquele restaurante do sul de Espanha, não sabia nada a pele de peixe.				
Mas								
,								
quando								
a								
provei	SBJ_2	def-np.poss	OLD					
em								
aquele								
restaurante	other_3	def-np.dem	OLD					
de								
o								
sul	other_4	def-np.poss	OLD					
de								
Espanha	other_5	ne	OLD					
,								
não								
sabia								
nada	OBJ_2	pron.pind						
a								
pele	OBJ_2	def-np.poss	OLD					
de								
peixe	other_3	indef-np.bare						
.							

# text = Tinha um sabor doce e natural como se estivesse a dar uma dentada no próprio oceano.				
Tinha								
um								
sabor	OBJ	indef-np.a						
doce								
e								
natural								
como								
se								
estivesse								
a								
dar								
uma								
dentada	OBJ_2	indef-np.a						
em								
o								
próprio								
oceano	other_2	def-np.the	OLD					
.							

# text = Quando referi isso, o Miguel concordou.				
Quando								
referi								
isso	OBJ_2	pron.pds	OLD					
,								
o								
Miguel	SBJ	ne	OLD					
concordou								
.							

--				
# text = "A pele funciona como uma esponja, "É a última defesa antes de uma substância entrar no corpo.				
&quot;								
A								
pele	SBJ	def-np.the	OLD					
funciona								
como								
uma								
esponja	other	indef-np.a						
,								
&quot;É								
a								
última								
defesa	OBJ	def-np.the	OLD					
antes								
de								
uma								
substância	SBJ_2	indef-np.a						
entrar								
em								
o								
corpo	other_2	def-np.the	OLD					
.							

--				
# text = Evoluiu para absorver as impurezas." "Mas a nossa água não tem impurezas." OK.				
Evoluiu								
para								
absorver								
as								
impurezas	OBJ_2	def-np.the	OLD					
.								
&quot;								
&quot;								
Mas								
a								
nossa	other_4	pron.ppos	OLD					
água	SBJ_3	def-np.the	OLD					
não								
tem								
impurezas	OBJ_3	indef-np.bare						
.								
&quot;								
OK	other_2	ne	OLD					
.							

# text = Uma piscicultura que não alimenta os seus peixes.				
Uma								
piscicultura	other	indef-np.a						
que	SBJ_2							
não								
alimenta								
os								
seus	other_3	pron.ppos	OLD					
peixes	OBJ_2	def-np.the	OLD					
.							

# text = Uma piscicultura que mede o seu sucesso pelo sucesso dos seus predadores.				
Uma								
piscicultura	other	indef-np.a						
que	SBJ_2							
mede								
o								
seu	other_3	pron.ppos	OLD					
sucesso	OBJ_2	def-np.poss	OLD					
por								
o								
sucesso	other_3	def-np.poss	OLD					
de								
os								
seus	other_5	pron.ppos	OLD					
predadores	other_4	def-np.the	OLD					
.							

--				
# text = Então percebi que, quando ele diz, \"uma quinta sem impurezas\", ele dá a entender muito menos do que é porque a água que atravessa a quinta vem do rio Guadalquivir.				
Então								
percebi								
que								
,								
quando								
ele	SBJ_3	pron.pper	OLD					
diz								
,								
&quot;								
uma								
quinta	OBJ_3	def-np.poss	OLD					
sem								
impurezas	other_4	indef-np.bare						
&quot;								
,								
ele	SBJ_2	pron.pper	OLD					
dá								
a								
entender								
muito								
menos								
de								
o	other_6	pron.pds	OLD					
que								
é								
porque								
a								
água	SBJ_5	def-np.the	OLD					
que	SBJ_7							
atravessa								
a								
quinta	OBJ_7	def-np.the	OLD					
vem								
de								
o								
rio	other_5	def-np.the	OLD					
Guadalquivir	other_6	ne	OLD					
.							

# text = É um rio que traz consigo tudo o que os rios tendem a trazer hoje em dia, químicos contaminantes, restos de pesticidas.				
É								
um								
rio	other	indef-np.a						
que	SBJ_2							
traz								
com								
si	other_2	pron.pper	OLD					
tudo	OBJ_3							
o								
que	other_4	pron.pds	OLD					
os								
rios	SBJ_3	def-np.the	OLD					
tendem								
a								
trazer								
hoje								
em								
dia	other_4	indef-np.bare						
,								
químicos	OBJ_4	indef-np.bare						
contaminantes								
,								
restos	other_5	def-np.poss	OLD					
de								
pesticidas	other_6	indef-np.bare						
.							

# text = E quando a água atravessa o sistema para o abandonar em seguida, é mais pura do que quando entrou.				
E								
quando								
a								
água	SBJ_2	def-np.the	OLD					
atravessa								
o								
sistema	OBJ_2	def-np.the	OLD					
para								
o	OBJ_3	pron.pper	OLD					
abandonar								
em								
seguida	other_3	indef-np.bare						
,								
é								
mais								
pura								
de								
o	other_3	pron.pds	OLD					
que								
quando								
entrou								
.							

# text = que purifica a água.				
que								
purifica								
a								
água	OBJ	def-np.the	OLD					
.							

# text = Não só é uma piscicultura que não alimenta os seus animais, e que mede o sucesso pela condição saudável dos predadores mas também uma piscicultura que funciona como uma verdadeira estação de purificação da água.				
Não								
só								
é								
uma								
piscicultura	other	indef-np.a						
que	SBJ_2							
não								
alimenta								
os								
seus	other_3	pron.ppos	OLD					
animais	OBJ_2	def-np.the	OLD					
,								
e								
que	SBJ_3							
mede								
o								
sucesso	OBJ_3	def-np.the	OLD					
por								
a								
condição	other_3	def-np.poss	OLD					
saudável								
de								
os								
predadores	other_4	def-np.the	OLD					
mas								
também								
uma								
piscicultura	other_2	indef-np.a						
que	SBJ_4							
funciona								
como								
uma								
verdadeira								
estação	other_4	def-np.poss	OLD					
de								
purificação	other_5	def-np.poss	OLD					
de								
a								
água	other_6	def-np.the	OLD					
.							

# text = Não apenas para aqueles peixes, mas também para nós todos.				
Não								
apenas								
para								
aqueles								
peixes	other	def-np.dem	OLD					
,								
mas								
também								
para								
nós	other	pron.pper	OLD					
todos	other_2	pron	OLD					
.							

# text = Porque quando a água sai,^ vai para o Atlântico.				
Porque								
quando								
a								
água	SBJ	def-np.the	OLD					
sai								
,								
^	OBJ_2							
vai								
para								
o								
Atlântico	other_2	ne	OLD					
.							

# text = Uma gota no oceano, eu sei, mas eu aceito-a, e vocês também devem aceitá-la, porque esta história de amor, embora romântica, também é instrutiva.				
Uma								
gota	other	def-np.poss	OLD					
em								
o								
oceano	other	def-np.the	OLD					
,								
eu	SBJ_2	pron.pper	OLD					
sei								
,								
mas								
eu	SBJ_3	pron.pper	OLD					
aceito								
a								
,								
e								
vocês	SBJ_5	pron.pper	OLD					
também								
devem								
aceitá								
la	OBJ_5	pron.pper	OLD					
,								
porque								
esta								
história	SBJ_6	def-np.dem	OLD					
de								
amor	other_7	indef-np.bare						
,								
embora								
romântica								
,								
também								
é								
instrutiva								
.							

# text = Poder-se-á dizer que é uma receita para o futuro da boa alimentação, quer se esteja a falar de robalos ou de gado bovino.				
Poderá								
se	SBJ_4	pron.pper	OLD					
dizer								
que								
é								
uma								
receita	other_4	def-np.poss	OLD					
para								
o								
futuro	other_5	def-np.poss	OLD					
de								
a								
boa								
alimentação	other_6	def-np.the	OLD					
,								
quer								
se	SBJ_4	pron.pper	OLD					
esteja								
a								
falar								
de								
robalos	OBJ_3	indef-np.bare						
ou								
de								
gado	other_4	indef-np.bare						
bovino								
.							

# text = O que precisamos agora é de uma conceção de agricultura radicalmente inovadora, em que a comida saiba mesmo bem.				
_	SBJ	pron.pds	OLD					
que	OBJ_3							
precisamos								
agora								
é								
de								
uma								
conceção	other	def-np.poss	OLD					
de								
agricultura	other	indef-np.bare						
radicalmente								
inovadora								
,								
em								
que								
a								
comida	SBJ_2	def-np.the	OLD					
saiba								
mesmo								
bem								
.							

# text = (Aplausos) Mas para muitas pessoas, é um pouco radical em demasia.				
(								
Aplausos	other	indef-np.bare						
)								
Mas								
para								
muitas								
pessoas	other_2	indef-np						
,								
é								
um								
pouco								
radical								
em								
demasia	other_2	indef-np.bare						
.							

# text = Nós, malucos por comida, não somos realistas.				
Nós	SBJ	pron.pper	OLD					
,								
malucos								
por								
comida	other_3	indef-np.bare						
,								
não								
somos								
realistas								
.							

# text = Somos apaixonados.				
Somos								
apaixonados								
.							

# text = Adoramos feiras tradicionais.				
Adoramos								
feiras	OBJ	indef-np.bare						
tradicionais								
.							

# text = Adoramos pequenas quintas familiares.				
Adoramos								
pequenas								
quintas	other_2	pron.pint						
familiares	OBJ	indef-np						
.							

# text = Conversamos sobre produtos locais.				
Conversamos								
sobre								
produtos	other	indef-np.bare						
locais								
.							

# text = Consumimos alimentos orgânicos.				
Consumimos								
alimentos	OBJ	indef-np.bare						
orgânicos								
.							

--				
# text = E quando se sugere que estas são as iniciativas que garantirão o futuro de uma boa alimentação alguém vai levantar-se algures e dizer: "É pá, eu adoro flamingos cor-de-rosa, "mas como é que vocês vão alimentar o mundo?" Como é que vocês vão alimentar o mundo?				
E								
quando								
se	SBJ_2	pron.pper	OLD					
sugere								
que								
estas	SBJ_3	pron.pds	OLD					
são								
as								
iniciativas	other_2	def-np.the	OLD					
que	SBJ_4							
garantirão								
o								
futuro	OBJ_4	def-np.poss	OLD					
de								
uma								
boa								
alimentação	other_5	indef-np.a						
alguém	OBJ_4	pron.pind						
vai								
levantar								
se								
algures								
e								
dizer								
:								
&quot;								
É								
pá	other_2	indef-np.bare						
,								
eu	SBJ_3	pron.pper	OLD					
adoro								
flamingos	OBJ_3	indef-np.bare						
cor-de-rosa								
,								
&quot;								
mas								
como								
é								
que								
vocês	SBJ_3	pron.pper	OLD					
vão								
alimentar								
o								
mundo	OBJ_3	def-np.the	OLD					
?								
&quot;								
Como								
é								
que								
vocês	SBJ_2	pron.pper	OLD					
vão								
alimentar								
o								
mundo	OBJ_2	def-np.the	OLD					
?							

# text = Posso ser franco?				
Posso								
ser								
franco								
?							

# text = Eu não gosto desta pergunta, porque nós já produzimos calorias suficientes mais do que as necessárias para alimentar o mundo.				
Eu	SBJ	pron.pper	OLD					
não								
gosto								
de								
esta								
pergunta	OBJ	def-np.dem	OLD					
,								
porque								
nós	SBJ_2	pron.pper	OLD					
já								
produzimos								
calorias	OBJ_2	indef-np.bare						
suficientes								
mais								
de								
o	other_5	pron.pds	OLD					
que								
as								
necessárias								
para								
alimentar								
o								
mundo	OBJ_3	def-np.the	OLD					
.							

# text = Mas hoje, mil milhões de pessoas vão passar fome.				
Mas								
hoje								
,								
mil	SBJ							
milhões								
de								
pessoas	other_2	indef-np.bare						
vão								
passar								
fome	OBJ	indef-np.bare						
.							

# text = Mil milhões — mais do que nunca — por causa das desigualdades flagrantes na distribuição, e não por causa da tonelagem.				
Mil								
milhões								
—								
mais								
de								
o	other_4	pron.pds	OLD					
que								
nunca								
—								
por								
causa	other_2	def-np.poss	OLD					
de								
as								
desigualdades	other_3	def-np.poss	OLD					
flagrantes								
em								
a								
distribuição	other_4	def-np.the	OLD					
,								
e								
não								
por								
causa	other_3	def-np.poss	OLD					
de								
a								
tonelagem	other_4	def-np.the	OLD					
.							

# text = Não gosto desta pergunta porque tem determinado a lógica do nosso sistema alimentar nos últimos 50 anos.				
Não								
gosto								
de								
esta								
pergunta	other	def-np.dem	OLD					
porque								
tem								
determinado								
a								
lógica	OBJ_2	def-np.poss	OLD					
de								
o								
nosso	other_4	pron.ppos	OLD					
sistema	other_3	def-np.the	OLD					
alimentar								
em								
os								
últimos								
50								
anos	OBJ_3	def-np.quant	OLD					
.							

# text = Dar cereais aos herbívoros, pesticidas às monoculturas, químicos aos solos, frango aos peixes.				
Dar								
cereais	OBJ	indef-np.bare						
a								
os								
herbívoros	OBJ	def-np.the	OLD					
,								
pesticidas								
a								
as								
monoculturas	OBJ_2	def-np.the	OLD					
,								
químicos	other_2	pron.pind						
a								
os								
solos	other_3	def-np.the	OLD					
,								
frango	other_3	def-np.poss	OLD					
a								
os								
peixes	other_4	def-np.the	OLD					
.							

--				
# text = Desde o princípio, a agroindústria só pergunta: \"Estamos a dar comida a mais pessoas de uma forma mais barata, \"o que é que isso tem de terrível?\"				
Desde								
o								
princípio	other	def-np.the	OLD					
,								
a								
agroindústria	SBJ	def-np.the	OLD					
só								
pergunta								
:								
&quot;								
Estamos								
a								
dar								
comida	OBJ_3	indef-np.bare						
a								
mais								
pessoas	OBJ_3	def-np.poss	OLD					
de								
uma								
forma	other_4	indef-np.a						
mais								
barata								
,								
&quot;								
o	other_5	pron.pds	OLD					
que	OBJ_4	pron.pint						
é								
que								
isso	SBJ_4	pron.pds	OLD					
tem								
de								
terrível	OBJ_4	indef-np.bare						
?								
&quot;							

# text = Esta tem sido a motivação e justificação.				
Esta	SBJ	pron.pds	OLD					
tem								
sido								
a								
motivação	other	def-np.the	OLD					
e								
justificação	other	indef-np.bare						
.							

# text = Tem sido este o plano de negócios da agricultura americana.				
Tem								
sido								
este	other	pron.pds	OLD					
o								
plano	SBJ	def-np.poss	OLD					
de								
negócios	other_2	def-np.poss	OLD					
de								
a								
agricultura	other_3	def-np.the	OLD					
americana								
.							

# text = Temos que chamar-lhe pelo que é, uma indústria em falência, uma indústria que está a desgastar rapidamente o capital ecológico que torna possível essa mesma produção .				
Temos								
que								
chamar								
lhe	OBJ_2	pron.pper	OLD					
por								
o	OBJ_2	pron.pds	OLD					
que								
é								
,								
uma								
indústria	SBJ_4	def-np.poss	OLD					
em								
falência	other_5	indef-np.bare						
,								
uma								
indústria	other_5	indef-np.a						
que	SBJ_8							
está								
a								
desgastar								
rapidamente								
o								
capital	OBJ_8	def-np.the	OLD					
ecológico								
que	SBJ_10							
torna								
possível								
essa								
mesma								
produção	OBJ_10	def-np.dem	OLD					
.							

# text = Isso não é uma indústria, e não é agricultura.				
Isso	SBJ	pron.pds	OLD					
não								
é								
uma								
indústria	other	indef-np.a						
,								
e								
não								
é								
agricultura	other	indef-np.bare						
.							

# text = Hoje em dia o nosso celeiro está ameaçado não por causa de um stock diminuto mas por causa de recursos que diminuem.				
Hoje								
em								
dia	other_2	indef-np.bare						
o								
nosso	other_2	pron.ppos	OLD					
celeiro	SBJ	def-np.the	OLD					
está								
ameaçado								
não								
por								
causa	other	def-np.poss	OLD					
de								
um								
stock	other_2	indef-np.a						
diminuto								
mas								
por								
causa	other_2	def-np.poss	OLD					
de								
recursos	other_3	indef-np.bare						
que	SBJ_5							
diminuem								
.							

# text = Não por causa das invenções em ceifadoras ou tratores, mas por causa do solo fértil.				
Não								
por								
causa	other	def-np.poss	OLD					
de								
as								
invenções	other	def-np.poss	OLD					
em								
ceifadoras	other_2	indef-np.bare						
ou								
tratores	other_3	indef-np.bare						
,								
mas								
por								
causa	other	def-np.poss	OLD					
de								
o								
solo	other_2	def-np.the	OLD					
fértil								
.							

# text = Não por causa das bombas de água, mas por causa da água potável.				
Não								
por								
causa	other	def-np.poss	OLD					
de								
as								
bombas	other	def-np.poss	OLD					
de								
água	other_2	indef-np.bare						
,								
mas								
por								
causa	other	def-np.poss	OLD					
de								
a								
água	other_2	def-np.the	OLD					
potável								
.							

# text = não por causa das serras, mas por causa das florestas; não por causa dos barcos e redes de pesca, mas por causa do peixe nos mares.				
não								
por								
causa	other	def-np.poss	OLD					
de								
as								
serras	other	def-np.the	OLD					
,								
mas								
por								
causa	other	def-np.poss	OLD					
de								
as								
florestas	other_2	def-np.the	OLD					
;								
não								
por								
causa	other	def-np.poss	OLD					
de								
os								
barcos	other_2	def-np.the	OLD					
e								
redes	other_3	def-np.poss	OLD					
de								
pesca	other_4	indef-np.bare						
,								
mas								
por								
causa	other_3	def-np.poss	OLD					
de								
o								
peixe	other_4	def-np.poss	OLD					
em								
os								
mares	other_5	def-np.the	OLD					
.							

# text = Queremos alimentar o mundo?				
Queremos								
alimentar								
o								
mundo	OBJ_2	def-np.the	OLD					
?							

# text = Comecemos por perguntar: como é que nos vamos alimentar a nós próprios?				
Comecemos								
por								
perguntar								
:								
como								
é								
que								
em								
os								
vamos								
alimentar								
a								
nós	OBJ_3	indef-np.bare						
próprios								
?							

# text = Ou melhor, como é que podemos criar condições que permitam que cada comunidade se alimente a si própria?				
Ou								
melhor								
,								
como								
é								
que								
podemos								
criar								
condições	OBJ_3	indef-np.bare						
que	SBJ_5							
permitam								
que								
cada								
comunidade	OBJ_5	def-np.poss	OLD					
se								
alimente								
a								
si	other_6	pron.pper	OLD					
própria								
?							

# text = Para fazer isso não olhemos para a agroindústria como um modelo para o futuro.				
Para								
fazer								
isso	OBJ_2	pron.pds	OLD					
não								
olhemos								
para								
a								
agroindústria	OBJ	def-np.the	OLD					
como								
um								
modelo	other	def-np.poss	OLD					
para								
o								
futuro	other_2	def-np.the	OLD					
.							

# text = Está velho e esgotado.				
Está								
velho								
e								
esgotado								
.							

# text = Cheio de capital, químicos e máquinas e nunca produziu nada de realmente bom para comer.				
Cheio	other	def-np.poss	OLD					
de								
capital	other	indef-np.bare						
,								
químicos	other	indef-np.bare						
e								
máquinas	other	indef-np.bare						
e								
nunca								
produziu								
nada	OBJ_2	pron.pind						
de								
realmente								
bom								
para								
comer								
.							

# text = Em vez disso, voltemo-nos para o modelo ecológico.				
Em								
vez	other	def-np.poss	OLD					
de								
isso	other_2	pron.pds	OLD					
,								
voltemo								
nos	OBJ	pron.pper	OLD					
para								
o								
modelo	other	def-np.the	OLD					
ecológico								
.							

# text = É ele que assenta em dois mil milhões de anos de experiência real.				
É								
ele	other	pron.pper	OLD					
que	SBJ_2							
assenta								
em								
dois	OBJ_2							
mil								
milhões								
de								
anos	other_3	def-np.poss	OLD					
de								
experiência	other_4	indef-np.bare						
real								
.							

# text = Vejam o Miguel, os piscicultores como o Miguel.				
Vejam								
o								
Miguel	SBJ	ne	OLD					
,								
os								
piscicultores	other_2	def-np.poss	OLD					
como								
o								
Miguel	other_3	ne	OLD					
.							

# text = Pisciculturas que não são um mundo para eles próprios; pisciculturas que recuperam em vez de se esgotarem, pisciculturas que produzem extensivamente em vez de apenas intensivamente, piscicultores que não são apenas produtores mas também especialistas em relações.				
Pisciculturas	other	def-np.poss	OLD					
que	SBJ_2							
não								
são								
um								
mundo	other	indef-np.a						
para								
eles	other	pron.pper	OLD					
próprios								
;								
pisciculturas	other	indef-np.bare						
que	SBJ_3							
recuperam								
em								
vez	other_3	indef-np.bare						
de								
se								
esgotarem								
,								
pisciculturas	other_4	indef-np.bare						
que	SBJ_6							
produzem								
extensivamente								
em								
vez	other_6	indef-np.bare						
de								
apenas								
intensivamente								
,								
piscicultores	OBJ_6	indef-np.bare						
que	SBJ_8							
não								
são								
apenas								
produtores								
mas								
também								
especialistas	other_8	def-np.poss	OLD					
em								
relações	other_9	indef-np.bare						
.							

# text = Porque esses é que são também os especialistas em sabor.				
Porque								
esses	SBJ	pron.pds	OLD					
é								
que								
são								
também								
os								
especialistas	other	def-np.poss	OLD					
em								
sabor	other	indef-np.bare						
.							

--				
# text = E para ser completamente franco, são melhores \"chefs\" do que serei alguma vez.				
E								
para								
ser								
completamente								
franco								
,								
são								
melhores								
&quot;								
chefs								
&quot;								
de								
o	other_4	pron.pds	OLD					
que								
serei								
alguma								
vez	OBJ_3	indef-np						
.							

# text = Por mim tudo bem, porque se esse é o futuro da boa comida, então vai ser delicioso.				
Por								
mim	other	pron.pper	OLD					
tudo	SBJ	pron.pind						
bem								
,								
porque								
se								
esse	SBJ	pron.pds	OLD					
é								
o								
futuro	other	def-np.poss	OLD					
de								
a								
boa								
comida	other	def-np.the	OLD					
,								
então								
vai								
ser								
delicioso								
.							

# text = Obrigado.				
Obrigado								
.							



